Plot,Genotype
YC18:1001,A663
YC18:1002,2369
YC18:1003,A648
YC18:1004,PHR30
YC18:1005,OQ403
YC18:1006,FBLA
YC18:1007,LH146Ht
YC18:1008,PH207
YC18:1009,912
YC18:1010,PHGW7
YC18:1011,PHB47
YC18:1012,CH9
YC18:1013,LP5
YC18:1014,A374
YC18:1015,A679
YC18:1016,PHW03
YC18:1017,A258
YC18:1018,A71
YC18:1019,NQ508
YC18:1020,W701BC
YC18:1021,W153R
YC18:1022,DK78002A
YC18:1023,MS211
YC18:1024,Q381
YC18:1025,SD44
YC18:1026,A208
YC18:1027,A649
YC18:1028,EAST 028
YC18:1029,LH57
YC18:1030,MS225
YC18:1031,A239
YC18:1032,PHKE6
YC18:1033,PHJ90
YC18:1034,2FACC
YC18:1035,MS200
YC18:1036,MS72
YC18:1037,B-18 INBR.FR.SUPERGOLD
YC18:1038,W604S
YC18:1039,PHP55
YC18:1040,PHHV4
YC18:1041,PHVA9
YC18:1042,A272
YC18:1043,LIBC 4
YC18:1044,LH165
YC18:1045,LH202
YC18:1046,DKPB80
YC18:1047,A627
YC18:1048,C103
YC18:1049,LH54
YC18:1050,MEF156-55-2
YC18:1051,N201
YC18:1052,Va99
YC18:1053,DK78010
YC18:1054,N197
YC18:1055,W603S
YC18:1056,IBB14
YC18:1057,B76
YC18:1058,B115
YC18:1059,792
YC18:1060,OH33
YC18:1061,MS132
YC18:1062,AS6103
YC18:1063,A385
YC18:1064,PHW80
YC18:1065,LH143 (Maintainer)
YC18:1066,W614S
YC18:1067,A641
YC18:1068,1538
YC18:1069,PHG29
YC18:1070,FC46
YC18:1071,PHB09
YC18:1072,PHW17
YC18:1073,LH184
YC18:1074,LH61
YC18:1075,L 155
YC18:1076,N193
YC18:1077,LH222
YC18:1078,91IFC2
YC18:1079,A634
YC18:1080,LH166
YC18:1081,PHP76
YC18:1082,PH207
YC18:1083,MS1334
YC18:1084,AQA3
YC18:1085,A340
YC18:1086,Pa392
YC18:1087,PHK76
YC18:1088,LH127
YC18:1089,W117Ht
YC18:1090,29MIBZ2
YC18:1091,A635
YC18:1092,ICI 740
YC18:1093,NS501
YC18:1094,W64A
YC18:1095,B73
YC18:1096,PHV37
YC18:1097,LH223
YC18:1098,Oh40B
YC18:1099,N192
YC18:1100,CA-4
YC18:1101,CH711-10
YC18:1102,PHVJ4
YC18:1103,LH149
YC18:1104,I29
YC18:1105,NC262
YC18:1106,MS153
YC18:1107,SD102
YC18:1108,B91
YC18:1109,IA2132
YC18:1110,B73
YC18:1111,B73
YC18:1112,R113
YC18:1113,Va52
YC18:1114,LH38
YC18:1115,WR3
YC18:1116,A427
YC18:1117,W182E
YC18:1118,ND247
YC18:1119,LH206
YC18:1120,4F-306 108
YC18:1121,DK3IIH6
YC18:1122,PHG47
YC18:1123,DK4676A
YC18:1124,LH119
YC18:1125,BO9
YC18:1126,ICI581
YC18:1127,A305
YC18:1128,ZS635
YC18:1129,LH74
YC18:1130,Os420
YC18:1131,LH93
YC18:1132,CH157
YC18:1133,ICI 441
YC18:1134,A680
YC18:1135,LH295
YC18:1136,A548
YC18:1137,PHW86
YC18:1138,Ny821
YC18:1139,PHW20
YC18:1140,W613S
YC18:1141,N6
YC18:1142,B107
YC18:1143,L 139
YC18:1144,CI 40H
YC18:1145,A556
YC18:1146,4226
YC18:1147,LH82
YC18:1148,PHBA6
YC18:1149,C123
YC18:1150,G80
YC18:1151,W602S
YC18:1152,B103
YC18:1153,CS405
YC18:1154,CM105
YC18:1155,PH207
YC18:1156,Mo17
YC18:1157,PH207
YC18:1158,PHK74
YC18:1159,CR14
YC18:1160,A674
YC18:1161,SD101
YC18:1162,Oh43
YC18:1163,PHH93
YC18:1164,6F629
YC18:1165,PHP02
YC18:1166,A672
YC18:1167,PHG50
YC18:1168,PHN82
YC18:1169,T242
YC18:1170,PHJR5
YC18:1171,CR 22 INBRED
YC18:1172,PHV57
YC18:1173,ML606
YC18:1174,ICI 893
YC18:1175,911
YC18:1176,L 135
YC18:1177,DKFAPW
YC18:1178,CH753-4
YC18:1179,790
YC18:1180,DKIB014
YC18:1181,Ia 453
YC18:1182,PHK42
YC18:1183,A572
YC18:1184,B73
YC18:1185,PHG86
YC18:1186,LH209
YC18:1187,CR1HT
YC18:1188,W612S
YC18:1189,3IJI1
YC18:1190,B87
YC18:1191,NK807
YC18:1192,PHR36
YC18:1193,PHR63
YC18:1194,W9
YC18:1195,H99
YC18:1196,R181B
YC18:1197,ICI 193
YC18:1198,ICI 986
YC18:1199,ND265
YC18:1200,BEI 10 = NORTH 10
YC18:1201,DE4
YC18:1202,B73
YC18:1203,A334
YC18:1204,Pa405
YC18:1205,NORTH 7
YC18:1206,SD40
YC18:1207,PHJ89
YC18:1208,W605S
YC18:1209,LH172
YC18:1210,PHN66
YC18:1211,Mo47
YC18:1212,Lp215D
YC18:1213,PHN11
YC18:1214,DKMBNA
YC18:1215,LH132 - FILL B73
YC18:1216,PHG72
YC18:1217,INBRED 2-687
YC18:1218,A632
YC18:1219,Eng-Li Chih
YC18:1220,LH145
YC18:1221,A401
YC18:1222,PHBW8
YC18:1223,MS224
YC18:1224,OQ603
YC18:1225,IBC2
YC18:1226,A682
YC18:1227,PHTM9
YC18:1228,W552
YC18:1229,2FADB
YC18:1230,NK778
YC18:1231,L 127
YC18:1232,A73
YC18:1233,78010
YC18:1234,H42
YC18:1235,MS116
YC18:1236,2MA22
YC18:1237,LH198
YC18:1238,DJ7
YC18:1239,PHT69
YC18:1240,SD107
YC18:1241,MS71
YC18:1242,A322
YC18:1243,B114
YC18:1244,NY 159 (Neveh Yaar)
YC18:1245,OS602
YC18:1246,A659
YC18:1247,PHG80
YC18:1248,IBB15
YC18:1249,B-28
YC18:1250,PHG71
YC18:1251,764
YC18:1252,W8304
YC18:1253,NC310
YC18:1254,PH207
YC18:1255,PHW30
YC18:1256,B85
YC18:1257,MQ305
YC18:1258,MS226
YC18:1259,793
YC18:1260,DKFBHJ
YC18:1261,LH60
YC18:1262,Va102
YC18:1263,B47
YC18:1264,LH192
YC18:1265,W611S
YC18:1266,N211
YC18:1267,PHW43
YC18:1268,DE2
YC18:1269,W606S
YC18:1270,PHR03
YC18:1271,N501
YC18:1272,B68
YC18:1273,LH215
YC18:1274,PHK29
YC18:1275,J8606
YC18:1276,Oh7
YC18:1277,Va22
YC18:1278,B46
YC18:1279,F2834T
YC18:1280,LH128
YC18:1281,MM501D
YC18:1282,YONG 28
YC18:1283,R227
YC18:1284,NC368
YC18:1285,NC328
YC18:1286,NY 166 (Neveh Yaar)
YC18:1287,Tr
YC18:1288,W809G
YC18:1289,H71
YC18:1290,F118
YC18:1291,Pa91
YC18:1292,CG102
YC18:1293,B108
YC18:1294,B97
YC18:1295,LH195
YC18:1296,PHJ33
YC18:1297,B73
YC18:1298,PHN46
YC18:1299,A797NW
YC18:1300,PHW53
YC18:1301,LH65
YC18:1302,PHEG9
YC18:1303,B65
YC18:1304,NY6371
YC18:1305,ZS365
YC18:1306,Pa762
YC18:1307,LP1 NR HT
YC18:1308,N215
YC18:1309,Mo46
YC18:1310,IDS69
YC18:1311,WIL901
YC18:1312,W803G
YC18:1313,PH207
YC18:1314,W610S
YC18:1315,B111
YC18:1316,LH197
YC18:1317,LH193
YC18:1318,INBRED 109
YC18:1319,Va59
YC18:1320,B121
YC18:1321,PHR31
YC18:1322,NC250
YC18:1323,DE811
YC18:1324,PHM10
YC18:1325,MS24A
YC18:1326,NC294
YC18:1327,NC342
YC18:1328,LH213
YC18:1329,B98
YC18:1330,PHT47
YC18:1331,W814G
YC18:1332,H113
YC18:1333,W821G
YC18:1334,B110
YC18:1335,R226
YC18:1336,W32
YC18:1337,CQ702RC
YC18:1338,B164
YC18:1339,W22
YC18:1340,YING-55
YC18:1341,E8501
YC18:1342,LH194
YC18:1343,N7A
YC18:1344,S8326
YC18:1345,LH1
YC18:1346,PHT22
YC18:1347,HUOBAI
YC18:1348,H122w
YC18:1349,PHZ51
YC18:1350,PHV63
YC18:1351,B73
YC18:1352,N527
YC18:1353,A
YC18:1354,Va17
YC18:1355,4N506
YC18:1356,ND259
YC18:1357,K55
YC18:1358,Seagull Seventeen
YC18:1359,B70
YC18:1360,PH207
YC18:1361,W37A
YC18:1362,NC290A
YC18:1363,Yu796 NS
YC18:1364,Wf9
YC18:1365,NK740
YC18:1366,PHJ70
YC18:1367,MS221
YC18:1368,MBWZ
YC18:1369,K41
YC18:1370,AusTRCF 306238
YC18:1371,LH199
YC18:1372,WIL900
YC18:1373,WXB6
YC18:1374,NKS8326
YC18:1375,A321
YC18:1376,W24
YC18:1377,DE3
YC18:1378,FR19
YC18:1379,N218
YC18:1380,PHK93
YC18:1381,NS701
YC18:1382,2MCDB
YC18:1383,PHT10
YC18:1384,H96
YC18:1385,Va26
YC18:1386,N209
YC18:1387,H95
YC18:1388,Mo1W
YC18:1389,N200
YC18:1390,L 289
YC18:1391,PHT55
YC18:1392,6M502A
YC18:1393,N217
YC18:1394,H5
YC18:1395,WIL903
YC18:1396,N542
YC18:1397,W819G
YC18:1398,R71
YC18:1399,LH204
YC18:1400,B2
YC18:1401,PHK56
YC18:1402,B73
YC18:1403,LH208
YC18:1404,INBRED 141
YC18:1405,CO257
YC18:1406,B66
YC18:1407,B75
YC18:1408,PHG83
YC18:1409,Il778d
YC18:1410,N28Ht
YC18:1411,6M502
YC18:1412,B73
YC18:1413,B77
YC18:1414,VaW6
YC18:1415,Mo5
YC18:1416,INBRED 305
YC18:1417,B119
YC18:1418,B109
YC18:1419,PHPR5
YC18:1420,PHHH9
YC18:1421,KUNG-70
YC18:1422,PHG35
YC18:1423,CO258
YC18:1424,HP301
YC18:1425,W811G
YC18:1426,R229
YC18:1427,LH205
YC18:1428,MBST
YC18:1429,WU-TAN-TZAO
YC18:1430,PHN34
YC18:1431,PHWG5
YC18:1432,B14
YC18:1433,NC326
YC18:1434,B57
YC18:1435,4F-35 BK
YC18:1436,H105W
YC18:1437,W815G
YC18:1438,H84
YC18:1439,W817G
YC18:1440,H110
YC18:1441,PH207
YC18:1442,A619
YC18:1443,CH701-30
YC18:1444,IDS28
YC18:1445,Pa880
YC18:1446,K150
YC18:1447,PHR62
YC18:1448,R177
YC18:1449,Os426
YC18:1450,N28
YC18:1451,H121
YC18:1452,TZU-CHIAO-HSI-WU 105
YC18:1453,LH190
YC18:1454,B88
YC18:1455,B73
YC18:1456,87916W
YC18:1457,B120
YC18:1458,Va35
YC18:1459,PHW79
YC18:1460,PH207
YC18:1461,PHV78
YC18:1462,J47
YC18:1463,LH59
YC18:1464,B37
YC18:1465,N534
YC18:1466,33-16
YC18:1467,OC19
YC18:1468,M14
YC18:1469,W813G
YC18:1470,LH214
YC18:1471,YE 4
YC18:1472,W820G
YC18:1473,PHW65
YC18:1474,LH181
YC18:1475,PHBB3
YC18:1476,PHW52
YC18:1477,NC412
YC18:1478,ND259
YC18:1479,B104
YC18:1480,PHP85
YC18:1481,DK78371A
YC18:1482,INBRED 321
YC18:1483,B84
YC18:1484,W812G
YC18:1485,R168
YC18:1486,PHR47
YC18:1487,Pa778
YC18:1488,4F-234 BX 4
YC18:1489,78551S
YC18:1490,PH207
YC18:1491,Pa875
YC18:1492,PHR58
YC18:1493,B79
YC18:1494,H91
YC18:1495,B14A
YC18:1496,INBRED 309
YC18:1497,Hy
YC18:1498,B105
YC18:1499,PHN29
YC18:1500,LH191
YC18:1501,LH211
YC18:1502,W810G
YC18:1503,SG 30A
YC18:1504,K47
YC18:1505,LH216
YC18:1506,LH227
YC18:1507,MS67
YC18:1508,N523
YC18:1509,HUANYAO
YC18:1510,PHK35
YC18:1511,PHR55
YC18:1512,H114
YC18:1513,LH224
YC18:1514,INB 101LFY/LFY (A632 X M16 S5)
YC18:1515,W607S
YC18:1516,W23
YC18:1517,LH185
YC18:1518,R78
YC18:1519,MBPM
YC18:1520,IDS91
YC18:2001,PHW17
YC18:2002,ICI 893
YC18:2003,PHW20
YC18:2004,W8304
YC18:2005,Oh43
YC18:2006,H42
YC18:2007,WR3
YC18:2008,PHR30
YC18:2009,LH93
YC18:2010,A73
YC18:2011,PHW86
YC18:2012,LH74
YC18:2013,AS6103
YC18:2014,NY 159 (Neveh Yaar)
YC18:2015,PHK74
YC18:2016,NK778
YC18:2017,A572
YC18:2018,IA2132
YC18:2019,B103
YC18:2020,L 135
YC18:2021,W117Ht
YC18:2022,W613S
YC18:2023,LIBC 4
YC18:2024,DJ7
YC18:2025,Ny821
YC18:2026,MS226
YC18:2027,2FADB
YC18:2028,W701BC
YC18:2029,MS224
YC18:2030,LH198
YC18:2031,R181B
YC18:2032,BO9
YC18:2033,PHVJ4
YC18:2034,764
YC18:2035,PHN82
YC18:2036,B115
YC18:2037,B114
YC18:2038,CR14
YC18:2039,L 139
YC18:2040,W9
YC18:2041,4226
YC18:2042,PHJ89
YC18:2043,N193
YC18:2044,LH145
YC18:2045,PH207
YC18:2046,G80
YC18:2047,N201
YC18:2048,PHVA9
YC18:2049,CA-4
YC18:2050,A272
YC18:2051,OS602
YC18:2052,A663
YC18:2053,A258
YC18:2054,MS200
YC18:2055,SD44
YC18:2056,Pa392
YC18:2057,A305
YC18:2058,Mo47
YC18:2059,N197
YC18:2060,CH9
YC18:2061,LH206
YC18:2062,PHP02
YC18:2063,1538
YC18:2064,LH61
YC18:2065,MS1334
YC18:2066,W612S
YC18:2067,BEI 10 = NORTH 10
YC18:2068,2MA22
YC18:2069,PHGW7
YC18:2070,PHB09
YC18:2071,ML606
YC18:2072,A674
YC18:2073,LH202
YC18:2074,LH184
YC18:2075,MS72
YC18:2076,LH57
YC18:2077,PHP55
YC18:2078,LP5
YC18:2079,DK78010
YC18:2080,A374
YC18:2081,91IFC2
YC18:2082,ICI581
YC18:2083,A672
YC18:2084,78010
YC18:2085,B107
YC18:2086,PHP76
YC18:2087,A427
YC18:2088,PHW80
YC18:2089,W64A
YC18:2090,LH165
YC18:2091,B73
YC18:2092,PHG50
YC18:2093,A680
YC18:2094,W603S
YC18:2095,B73
YC18:2096,DE4
YC18:2097,PHN11
YC18:2098,NC310
YC18:2099,B-18 INBR.FR.SUPERGOLD
YC18:2100,PHH93
YC18:2101,ND265
YC18:2102,Eng-Li Chih
YC18:2103,Ia 453
YC18:2104,PHV37
YC18:2105,LH166
YC18:2106,PHG72
YC18:2107,OQ403
YC18:2108,PHG47
YC18:2109,H99
YC18:2110,790
YC18:2111,B91
YC18:2112,MS71
YC18:2113,W182E
YC18:2114,FC46
YC18:2115,Lp215D
YC18:2116,L 127
YC18:2117,LH295
YC18:2118,PHW30
YC18:2119,A548
YC18:2120,PHV57
YC18:2121,W153R
YC18:2122,DKFBHJ
YC18:2123,DK78002A
YC18:2124,DKIB014
YC18:2125,MQ305
YC18:2126,W605S
YC18:2127,PH207
YC18:2128,3IJI1
YC18:2129,SD107
YC18:2130,DKPB80
YC18:2131,A385
YC18:2132,ICI 740
YC18:2133,N6
YC18:2134,CH157
YC18:2135,LH143 (Maintainer)
YC18:2136,FBLA
YC18:2137,Va99
YC18:2138,PH207
YC18:2139,PHG86
YC18:2140,A556
YC18:2141,EAST 028
YC18:2142,PHG29
YC18:2143,SD40
YC18:2144,LH223
YC18:2145,DKMBNA
YC18:2146,LH146Ht
YC18:2147,I29
YC18:2148,LH127
YC18:2149,NC262
YC18:2150,PHR36
YC18:2151,NK807
YC18:2152,PHW03
YC18:2153,CR 22 INBRED
YC18:2154,PH207
YC18:2155,PHK42
YC18:2156,N192
YC18:2157,LH222
YC18:2158,PHHV4
YC18:2159,NQ508
YC18:2160,PHR63
YC18:2161,Oh40B
YC18:2162,SD102
YC18:2163,A659
YC18:2164,PHBW8
YC18:2165,Pa405
YC18:2166,PHT69
YC18:2167,912
YC18:2168,B-28
YC18:2169,NORTH 7
YC18:2170,PHJ90
YC18:2171,4F-306 108
YC18:2172,911
YC18:2173,Mo17
YC18:2174,C123
YC18:2175,AQA3
YC18:2176,A641
YC18:2177,DK4676A
YC18:2178,W552
YC18:2179,PH207
YC18:2180,MS211
YC18:2181,R113
YC18:2182,Va52
YC18:2183,A340
YC18:2184,LH82
YC18:2185,LH172
YC18:2186,PHN66
YC18:2187,A334
YC18:2188,ICI 441
YC18:2189,Os420
YC18:2190,IBB15
YC18:2191,2FACC
YC18:2192,T242
YC18:2193,OH33
YC18:2194,PHTM9
YC18:2195,ND247
YC18:2196,CH753-4
YC18:2197,PHG80
YC18:2198,A322
YC18:2199,MS116
YC18:2200,793
YC18:2201,A239
YC18:2202,CR1HT
YC18:2203,LH149
YC18:2204,W604S
YC18:2205,792
YC18:2206,A635
YC18:2207,A634
YC18:2208,CS405
YC18:2209,ICI 193
YC18:2210,PHBA6
YC18:2211,MEF156-55-2
YC18:2212,29MIBZ2
YC18:2213,MS132
YC18:2214,PHJR5
YC18:2215,PHG71
YC18:2216,IBB14
YC18:2217,LH209
YC18:2218,PHK76
YC18:2219,CI 40H
YC18:2220,C103
YC18:2221,B76
YC18:2222,Q381
YC18:2223,A71
YC18:2224,ZS635
YC18:2225,ICI 986
YC18:2226,A682
YC18:2227,OQ603
YC18:2228,PHKE6
YC18:2229,B87
YC18:2230,A208
YC18:2231,6F629
YC18:2232,W602S
YC18:2233,IBC2
YC18:2234,NS501
YC18:2235,LH38
YC18:2236,B73
YC18:2237,SD101
YC18:2238,B73
YC18:2239,MS153
YC18:2240,DK3IIH6
YC18:2241,INBRED 2-687
YC18:2242,A627
YC18:2243,A401
YC18:2244,PHB47
YC18:2245,A648
YC18:2246,B73
YC18:2247,A632
YC18:2248,W614S
YC18:2249,2369
YC18:2250,A679
YC18:2251,LH132 - FILL B73
YC18:2252,L 155
YC18:2253,DKFAPW
YC18:2254,A649
YC18:2255,CM105
YC18:2256,LH119
YC18:2257,B85
YC18:2258,LH54
YC18:2259,CH711-10
YC18:2260,MS225
YC18:2261,B14A
YC18:2262,Va102
YC18:2263,IDS28
YC18:2264,NC326
YC18:2265,LH181
YC18:2266,W817G
YC18:2267,NY6371
YC18:2268,PHJ70
YC18:2269,H114
YC18:2270,PHT10
YC18:2271,MBWZ
YC18:2272,Mo1W
YC18:2273,B65
YC18:2274,Va35
YC18:2275,J8606
YC18:2276,B57
YC18:2277,NC368
YC18:2278,Mo46
YC18:2279,CG102
YC18:2280,H91
YC18:2281,N501
YC18:2282,AusTRCF 306238
YC18:2283,Mo5
YC18:2284,DE3
YC18:2285,WXB6
YC18:2286,LH227
YC18:2287,W821G
YC18:2288,ND259
YC18:2289,W814G
YC18:2290,W32
YC18:2291,F118
YC18:2292,W809G
YC18:2293,A321
YC18:2294,ND259
YC18:2295,FR19
YC18:2296,K41
YC18:2297,R229
YC18:2298,W610S
YC18:2299,Wf9
YC18:2300,MBPM
YC18:2301,LH208
YC18:2302,PHR62
YC18:2303,B110
YC18:2304,Va22
YC18:2305,LH59
YC18:2306,LH194
YC18:2307,W607S
YC18:2308,NC342
YC18:2309,DE2
YC18:2310,H96
YC18:2311,MBST
YC18:2312,B68
YC18:2313,H121
YC18:2314,N527
YC18:2315,F2834T
YC18:2316,WU-TAN-TZAO
YC18:2317,B73
YC18:2318,N28Ht
YC18:2319,W803G
YC18:2320,N217
YC18:2321,B105
YC18:2322,B2
YC18:2323,PH207
YC18:2324,B98
YC18:2325,INBRED 109
YC18:2326,LH191
YC18:2327,B73
YC18:2328,4N506
YC18:2329,33-16
YC18:2330,PHR31
YC18:2331,Pa880
YC18:2332,B73
YC18:2333,HP301
YC18:2334,Va26
YC18:2335,W820G
YC18:2336,W810G
YC18:2337,4F-35 BK
YC18:2338,Tr
YC18:2339,N7A
YC18:2340,LH60
YC18:2341,W37A
YC18:2342,IDS69
YC18:2343,WIL901
YC18:2344,B121
YC18:2345,B66
YC18:2346,DE811
YC18:2347,L 289
YC18:2348,PH207
YC18:2349,PHW52
YC18:2350,Hy
YC18:2351,Seagull Seventeen
YC18:2352,MS24A
YC18:2353,A619
YC18:2354,PHR47
YC18:2355,B73
YC18:2356,PHW65
YC18:2357,WIL900
YC18:2358,Os426
YC18:2359,N215
YC18:2360,LH128
YC18:2361,OC19
YC18:2362,Pa91
YC18:2363,CQ702RC
YC18:2364,PHPR5
YC18:2365,LH185
YC18:2366,INBRED 321
YC18:2367,K55
YC18:2368,W811G
YC18:2369,H105W
YC18:2370,R226
YC18:2371,NS701
YC18:2372,LH65
YC18:2373,W815G
YC18:2374,CO257
YC18:2375,PHJ33
YC18:2376,N200
YC18:2377,NC290A
YC18:2378,PH207
YC18:2379,PHT55
YC18:2380,2MCDB
YC18:2381,LH211
YC18:2382,B47
YC18:2383,H71
YC18:2384,INBRED 305
YC18:2385,LH216
YC18:2386,S8326
YC18:2387,LH195
YC18:2388,PHZ51
YC18:2389,B73
YC18:2390,DK78371A
YC18:2391,LH190
YC18:2392,Yu796 NS
YC18:2393,H122w
YC18:2394,H95
YC18:2395,Pa762
YC18:2396,Il778d
YC18:2397,B120
YC18:2398,N523
YC18:2399,YING-55
YC18:2400,B79
YC18:2401,B109
YC18:2402,B119
YC18:2403,PHW43
YC18:2404,INB 101LFY/LFY (A632 X M16 S5)
YC18:2405,J47
YC18:2406,W24
YC18:2407,B108
YC18:2408,VaW6
YC18:2409,PHK93
YC18:2410,H5
YC18:2411,R78
YC18:2412,YE 4
YC18:2413,PHW53
YC18:2414,B37
YC18:2415,N209
YC18:2416,PHT22
YC18:2417,PHEG9
YC18:2418,B77
YC18:2419,NC294
YC18:2420,NC250
YC18:2421,Pa778
YC18:2422,MS221
YC18:2423,NKS8326
YC18:2424,PH207
YC18:2425,K150
YC18:2426,A797NW
YC18:2427,B88
YC18:2428,R168
YC18:2429,NK740
YC18:2430,N211
YC18:2431,LH213
YC18:2432,HUANYAO
YC18:2433,W812G
YC18:2434,PHV78
YC18:2435,B70
YC18:2436,NY 166 (Neveh Yaar)
YC18:2437,87916W
YC18:2438,INBRED 141
YC18:2439,YONG 28
YC18:2440,LP1 NR HT
YC18:2441,R227
YC18:2442,Oh7
YC18:2443,H84
YC18:2444,PHK29
YC18:2445,LH224
YC18:2446,PHK35
YC18:2447,PHN34
YC18:2448,6M502
YC18:2449,PHW79
YC18:2450,W23
YC18:2451,A
YC18:2452,B84
YC18:2453,LH204
YC18:2454,E8501
YC18:2455,W819G
YC18:2456,CH701-30
YC18:2457,H113
YC18:2458,LH215
YC18:2459,NC412
YC18:2460,LH197
YC18:2461,PHBB3
YC18:2462,6M502A
YC18:2463,N218
YC18:2464,PHV63
YC18:2465,Va17
YC18:2466,PHG35
YC18:2467,ZS365
YC18:2468,PHG83
YC18:2469,KUNG-70
YC18:2470,PHN46
YC18:2471,N542
YC18:2472,78551S
YC18:2473,R71
YC18:2474,LH192
YC18:2475,Va59
YC18:2476,LH193
YC18:2477,H110
YC18:2478,B14
YC18:2479,LH205
YC18:2480,B164
YC18:2481,PHR58
YC18:2482,PHR03
YC18:2483,HUOBAI
YC18:2484,PHT47
YC18:2485,R177
YC18:2486,MM501D
YC18:2487,B104
YC18:2488,PHWG5
YC18:2489,4F-234 BX 4
YC18:2490,WIL903
YC18:2491,B75
YC18:2492,INBRED 309
YC18:2493,LH1
YC18:2494,PHM10
YC18:2495,PHN29
YC18:2496,PHP85
YC18:2497,PHR55
YC18:2498,CO258
YC18:2499,IDS91
YC18:2500,LH214
YC18:2501,W611S
YC18:2502,TZU-CHIAO-HSI-WU 105
YC18:2503,SG 30A
YC18:2504,B46
YC18:2505,W606S
YC18:2506,N534
YC18:2507,B97
YC18:2508,PHK56
YC18:2509,PH207
YC18:2510,N28
YC18:2511,K47
YC18:2512,MS67
YC18:2513,Pa875
YC18:2514,B111
YC18:2515,W22
YC18:2516,PHHH9
YC18:2517,M14
YC18:2518,W813G
YC18:2519,NC328
YC18:2520,LH199
YC19:1001,PHJR5
YC19:1002,DJ7
YC19:1003,SD107
YC19:1004,NS501
YC19:1005,1538
YC19:1006,CR 22 INBRED
YC19:1007,ICI 441
YC19:1008,78010
YC19:1009,SD44
YC19:1010,C123
YC19:1011,MS226
YC19:1012,4F-306 108
YC19:1013,BO9
YC19:1014,A73
YC19:1015,790
YC19:1016,DK78010
YC19:1017,B73
YC19:1018,LIBC 4
YC19:1019,PHB47
YC19:1020,PHW30
YC19:1021,A635
YC19:1022,DKFBHJ
YC19:1023,PH207
YC19:1024,NK807
YC19:1025,PHW17
YC19:1026,B87
YC19:1027,CI 40H
YC19:1028,ND265
YC19:1029,ZS635
YC19:1030,LH93
YC19:1031,A659
YC19:1032,PHN11
YC19:1033,N193
YC19:1034,A71
YC19:1035,LH149
YC19:1036,NY 159 (Neveh Yaar)
YC19:1037,A208
YC19:1038,Pa405
YC19:1039,A272
YC19:1040,A627
YC19:1041,CH9
YC19:1042,DKIB014
YC19:1043,N201
YC19:1044,MQ305
YC19:1045,LH132 - FILL B73
YC19:1046,NORTH 7
YC19:1047,SD40
YC19:1048,W64A
YC19:1049,C103
YC19:1050,Os420
YC19:1051,OH33
YC19:1052,B73
YC19:1053,G80
YC19:1054,LH61
YC19:1055,PHB09
YC19:1056,L 127
YC19:1057,DKFAPW
YC19:1058,A680
YC19:1059,MS225
YC19:1060,B76
YC19:1061,H42
YC19:1062,W605S
YC19:1063,LH54
YC19:1064,W552
YC19:1065,PHKE6
YC19:1066,DKPB80
YC19:1067,I29
YC19:1068,Ny821
YC19:1069,PHN66
YC19:1070,B-18 INBR.FR.SUPERGOLD
YC19:1071,LP5
YC19:1072,LH172
YC19:1073,LH145
YC19:1074,N6
YC19:1075,B73
YC19:1076,AQA3
YC19:1077,WR3
YC19:1078,2MA22
YC19:1079,PHP76
YC19:1080,IBC2
YC19:1081,R181B
YC19:1082,A427
YC19:1083,Pa392
YC19:1084,PHK42
YC19:1085,OS602
YC19:1086,PHG50
YC19:1087,PHG72
YC19:1088,B114
YC19:1089,FC46
YC19:1090,PHH93
YC19:1091,PHBW8
YC19:1092,A305
YC19:1093,PHVA9
YC19:1094,A385
YC19:1095,792
YC19:1096,ML606
YC19:1097,LH202
YC19:1098,PHHV4
YC19:1099,PHK76
YC19:1100,A548
YC19:1101,BEI 10 = NORTH 10
YC19:1102,4226
YC19:1103,A649
YC19:1104,A634
YC19:1105,PH207
YC19:1106,ICI 740
YC19:1107,LH184
YC19:1108,911
YC19:1109,PHG80
YC19:1110,A374
YC19:1111,FBLA
YC19:1112,PHK74
YC19:1113,Ia 453
YC19:1114,MS72
YC19:1115,A572
YC19:1116,A663
YC19:1117,6F629
YC19:1118,LH206
YC19:1119,W8304
YC19:1120,W604S
YC19:1121,PHV37
YC19:1122,A322
YC19:1123,A334
YC19:1124,LH74
YC19:1125,29MIBZ2
YC19:1126,PH207
YC19:1127,ND247
YC19:1128,A258
YC19:1129,MS211
YC19:1130,LH82
YC19:1131,LH166
YC19:1132,Eng-Li Chih
YC19:1133,B-28
YC19:1134,ICI 986
YC19:1135,Oh43
YC19:1136,L 135
YC19:1137,INBRED 2-687
YC19:1138,NC310
YC19:1139,ICI 193
YC19:1140,2FADB
YC19:1141,2369
YC19:1142,EAST 028
YC19:1143,PHW86
YC19:1144,PHVJ4
YC19:1145,L 155
YC19:1146,Va99
YC19:1147,B115
YC19:1148,B73
YC19:1149,NQ508
YC19:1150,W602S
YC19:1151,CM105
YC19:1152,AS6103
YC19:1153,Oh40B
YC19:1154,LH295
YC19:1155,793
YC19:1156,IBB15
YC19:1157,LH198
YC19:1158,MS200
YC19:1159,MS1334
YC19:1160,MS224
YC19:1161,W613S
YC19:1162,LH57
YC19:1163,W182E
YC19:1164,OQ603
YC19:1165,A648
YC19:1166,W603S
YC19:1167,912
YC19:1168,PHW80
YC19:1169,DK78002A
YC19:1170,W614S
YC19:1171,W117Ht
YC19:1172,Mo17
YC19:1173,PHW20
YC19:1174,W153R
YC19:1175,LH127
YC19:1176,A401
YC19:1177,2FACC
YC19:1178,N192
YC19:1179,PHR36
YC19:1180,W9
YC19:1181,A556
YC19:1182,91IFC2
YC19:1183,ICI 893
YC19:1184,B103
YC19:1185,A682
YC19:1186,764
YC19:1187,LH143 (Maintainer)
YC19:1188,PHP55
YC19:1189,A641
YC19:1190,MS132
YC19:1191,3IJI1
YC19:1192,PHT69
YC19:1193,Mo47
YC19:1194,DK4676A
YC19:1195,A672
YC19:1196,A674
YC19:1197,B73
YC19:1198,H99
YC19:1199,B107
YC19:1200,PHR30
YC19:1201,Lp215D
YC19:1202,PHBA6
YC19:1203,DKMBNA
YC19:1204,NC262
YC19:1205,PHN82
YC19:1206,DE4
YC19:1207,PHR63
YC19:1208,A632
YC19:1209,PH207
YC19:1210,PH207
YC19:1211,MEF156-55-2
YC19:1212,LH38
YC19:1213,PHG71
YC19:1214,N197
YC19:1215,L 139
YC19:1216,W701BC
YC19:1217,B85
YC19:1218,IA2132
YC19:1219,A239
YC19:1220,MS116
YC19:1221,MS71
YC19:1222,DK3IIH6
YC19:1223,T242
YC19:1224,A679
YC19:1225,LH223
YC19:1226,A340
YC19:1227,CH157
YC19:1228,PHP02
YC19:1229,PHG47
YC19:1230,PHGW7
YC19:1231,R113
YC19:1232,PHW03
YC19:1233,PHJ89
YC19:1234,NK778
YC19:1235,Q381
YC19:1236,CH753-4
YC19:1237,OQ403
YC19:1238,CS405
YC19:1239,MS153
YC19:1240,CA-4
YC19:1241,PHJ90
YC19:1242,ICI581
YC19:1243,CH711-10
YC19:1244,SD102
YC19:1245,SD101
YC19:1246,IBB14
YC19:1247,CR1HT
YC19:1248,PHG86
YC19:1249,LH119
YC19:1250,PHTM9
YC19:1251,LH222
YC19:1252,W612S
YC19:1253,PHV57
YC19:1254,LH146Ht
YC19:1255,LH165
YC19:1256,B91
YC19:1257,LH209
YC19:1258,Va52
YC19:1259,CR14
YC19:1260,PHG29
YC19:1261,INBRED 321
YC19:1262,NKS8326
YC19:1263,W22
YC19:1264,Oh7
YC19:1265,WIL901
YC19:1266,MS24A
YC19:1267,B46
YC19:1268,87916W
YC19:1269,NC342
YC19:1270,PHPR5
YC19:1271,Va26
YC19:1272,N200
YC19:1273,PHR03
YC19:1274,F2834T
YC19:1275,PHG83
YC19:1276,B110
YC19:1277,K47
YC19:1278,N527
YC19:1279,PHM10
YC19:1280,Seagull Seventeen
YC19:1281,NC326
YC19:1282,PHW79
YC19:1283,H5
YC19:1284,4F-234 BX 4
YC19:1285,R226
YC19:1286,W24
YC19:1287,PHV63
YC19:1288,WU-TAN-TZAO
YC19:1289,YING-55
YC19:1290,M14
YC19:1291,R71
YC19:1292,PH207
YC19:1293,INBRED 141
YC19:1294,ZS365
YC19:1295,PHV78
YC19:1296,LH199
YC19:1297,N211
YC19:1298,PHN29
YC19:1299,A321
YC19:1300,PHK29
YC19:1301,B104
YC19:1302,WXB6
YC19:1303,B68
YC19:1304,OC19
YC19:1305,W820G
YC19:1306,LH204
YC19:1307,Va102
YC19:1308,PHK35
YC19:1309,LH191
YC19:1310,H121
YC19:1311,LH197
YC19:1312,B164
YC19:1313,Il778d
YC19:1314,W606S
YC19:1315,Hy
YC19:1316,B105
YC19:1317,6M502A
YC19:1318,4F-35 BK
YC19:1319,LH227
YC19:1320,CO258
YC19:1321,INBRED 305
YC19:1322,CO257
YC19:1323,PHT22
YC19:1324,Os426
YC19:1325,PHJ70
YC19:1326,ND259
YC19:1327,W23
YC19:1328,K55
YC19:1329,B65
YC19:1330,MBST
YC19:1331,INBRED 309
YC19:1332,LH192
YC19:1333,MS221
YC19:1334,PHBB3
YC19:1335,W32
YC19:1336,PHHH9
YC19:1337,LH205
YC19:1338,PH207
YC19:1339,INB 101LFY/LFY (A632 X M16 S5)
YC19:1340,MBPM
YC19:1341,N215
YC19:1342,LH213
YC19:1343,PHR62
YC19:1344,4N506
YC19:1345,PHR55
YC19:1346,B73
YC19:1347,PHT55
YC19:1348,B84
YC19:1349,Mo46
YC19:1350,PHW53
YC19:1351,Tr
YC19:1352,LH185
YC19:1353,NC294
YC19:1354,W611S
YC19:1355,B119
YC19:1356,W810G
YC19:1357,F118
YC19:1358,J47
YC19:1359,LH59
YC19:1360,B109
YC19:1361,H84
YC19:1362,INBRED 109
YC19:1363,WIL903
YC19:1364,LH215
YC19:1365,N218
YC19:1366,IDS91
YC19:1367,W811G
YC19:1368,KUNG-70
YC19:1369,PHP85
YC19:1370,LH1
YC19:1371,LH214
YC19:1372,H122w
YC19:1373,ND259
YC19:1374,B70
YC19:1375,MS67
YC19:1376,DE2
YC19:1377,B75
YC19:1378,Wf9
YC19:1379,R168
YC19:1380,H95
YC19:1381,WIL900
YC19:1382,B73
YC19:1383,LH65
YC19:1384,NC412
YC19:1385,J8606
YC19:1386,S8326
YC19:1387,PH207
YC19:1388,NS701
YC19:1389,PHK56
YC19:1390,NY6371
YC19:1391,H113
YC19:1392,PHW65
YC19:1393,B14
YC19:1394,2MCDB
YC19:1395,MBWZ
YC19:1396,LH128
YC19:1397,B73
YC19:1398,LH193
YC19:1399,33-16
YC19:1400,W809G
YC19:1401,H96
YC19:1402,W819G
YC19:1403,PHEG9
YC19:1404,W815G
YC19:1405,N209
YC19:1406,Va59
YC19:1407,LH190
YC19:1408,LH194
YC19:1409,K150
YC19:1410,Pa880
YC19:1411,PHG35
YC19:1412,PHR31
YC19:1413,NC328
YC19:1414,B73
YC19:1415,Yu796 NS
YC19:1416,SG 30A
YC19:1417,AusTRCF 306238
YC19:1418,CG102
YC19:1419,B97
YC19:1420,W812G
YC19:1421,R229
YC19:1422,Pa778
YC19:1423,PHR58
YC19:1424,B57
YC19:1425,Pa91
YC19:1426,LH216
YC19:1427,PHZ51
YC19:1428,R227
YC19:1429,PHW52
YC19:1430,K41
YC19:1431,PHN34
YC19:1432,W814G
YC19:1433,Pa762
YC19:1434,FR19
YC19:1435,NC250
YC19:1436,LH60
YC19:1437,N7A
YC19:1438,LH211
YC19:1439,IDS28
YC19:1440,Pa875
YC19:1441,Va17
YC19:1442,B98
YC19:1443,B88
YC19:1444,PHN46
YC19:1445,W817G
YC19:1446,B108
YC19:1447,CH701-30
YC19:1448,W813G
YC19:1449,PH207
YC19:1450,DK78371A
YC19:1451,MM501D
YC19:1452,DE811
YC19:1453,W607S
YC19:1454,H110
YC19:1455,YONG 28
YC19:1456,PHT47
YC19:1457,R177
YC19:1458,LH181
YC19:1459,B120
YC19:1460,6M502
YC19:1461,YE 4
YC19:1462,N523
YC19:1463,W803G
YC19:1464,LH208
YC19:1465,PHT10
YC19:1466,H114
YC19:1467,N534
YC19:1468,VaW6
YC19:1469,W37A
YC19:1470,PHR47
YC19:1471,A
YC19:1472,B66
YC19:1473,N28Ht
YC19:1474,B73
YC19:1475,LP1 NR HT
YC19:1476,PHJ33
YC19:1477,A797NW
YC19:1478,Va22
YC19:1479,NC368
YC19:1480,B79
YC19:1481,N28
YC19:1482,H91
YC19:1483,PH207
YC19:1484,H71
YC19:1485,B2
YC19:1486,W821G
YC19:1487,N542
YC19:1488,B47
YC19:1489,E8501
YC19:1490,Va35
YC19:1491,DE3
YC19:1492,CQ702RC
YC19:1493,N217
YC19:1494,B14A
YC19:1495,PHW43
YC19:1496,B121
YC19:1497,PHWG5
YC19:1498,LH195
YC19:1499,B111
YC19:1500,L 289
YC19:1501,HUANYAO
YC19:1502,TZU-CHIAO-HSI-WU 105
YC19:1503,LH224
YC19:1504,HP301
YC19:1505,78551S
YC19:1506,PHK93
YC19:1507,W610S
YC19:1508,B37
YC19:1509,R78
YC19:1510,H105W
YC19:1511,Mo5
YC19:1512,NK740
YC19:1513,IDS69
YC19:1514,A619
YC19:1515,N501
YC19:1516,B77
YC19:1517,HUOBAI
YC19:1518,NY 166 (Neveh Yaar)
YC19:1519,NC290A
YC19:1520,Mo1W
YC19:2001,L 155
YC19:2002,CR1HT
YC19:2003,IA2132
YC19:2004,PHK74
YC19:2005,ML606
YC19:2006,Os420
YC19:2007,L 139
YC19:2008,PHG50
YC19:2009,PH207
YC19:2010,A663
YC19:2011,W9
YC19:2012,A674
YC19:2013,PHR36
YC19:2014,IBB14
YC19:2015,IBC2
YC19:2016,W604S
YC19:2017,BEI 10 = NORTH 10
YC19:2018,PHH93
YC19:2019,LH57
YC19:2020,PHV57
YC19:2021,ICI 986
YC19:2022,W182E
YC19:2023,4F-306 108
YC19:2024,DK78010
YC19:2025,A401
YC19:2026,A239
YC19:2027,4226
YC19:2028,ZS635
YC19:2029,DKFBHJ
YC19:2030,LIBC 4
YC19:2031,PHG86
YC19:2032,B-18 INBR.FR.SUPERGOLD
YC19:2033,PHW17
YC19:2034,DK4676A
YC19:2035,FBLA
YC19:2036,W8304
YC19:2037,PHTM9
YC19:2038,A385
YC19:2039,Pa392
YC19:2040,LH206
YC19:2041,PHW80
YC19:2042,LH82
YC19:2043,Lp215D
YC19:2044,CR 22 INBRED
YC19:2045,PHW03
YC19:2046,2FACC
YC19:2047,MEF156-55-2
YC19:2048,2369
YC19:2049,SD44
YC19:2050,CH157
YC19:2051,W603S
YC19:2052,G80
YC19:2053,PHR63
YC19:2054,PHR30
YC19:2055,PHG71
YC19:2056,1538
YC19:2057,NC262
YC19:2058,LH146Ht
YC19:2059,Ia 453
YC19:2060,LH132 - FILL B73
YC19:2061,PHJ90
YC19:2062,PHP55
YC19:2063,6F629
YC19:2064,Ny821
YC19:2065,A680
YC19:2066,3IJI1
YC19:2067,790
YC19:2068,LH143 (Maintainer)
YC19:2069,LH222
YC19:2070,L 135
YC19:2071,A635
YC19:2072,A679
YC19:2073,A427
YC19:2074,B115
YC19:2075,PHG29
YC19:2076,MS72
YC19:2077,A340
YC19:2078,DKFAPW
YC19:2079,PHP02
YC19:2080,B107
YC19:2081,PHGW7
YC19:2082,NK778
YC19:2083,DKPB80
YC19:2084,764
YC19:2085,MS1334
YC19:2086,OS602
YC19:2087,LH93
YC19:2088,N197
YC19:2089,EAST 028
YC19:2090,W612S
YC19:2091,CI 40H
YC19:2092,PHW30
YC19:2093,NQ508
YC19:2094,PH207
YC19:2095,W153R
YC19:2096,B76
YC19:2097,C103
YC19:2098,MS211
YC19:2099,2FADB
YC19:2100,W605S
YC19:2101,MS225
YC19:2102,Oh40B
YC19:2103,MS116
YC19:2104,LH38
YC19:2105,N193
YC19:2106,PHVJ4
YC19:2107,29MIBZ2
YC19:2108,B-28
YC19:2109,CA-4
YC19:2110,PHG80
YC19:2111,PHT69
YC19:2112,A374
YC19:2113,A208
YC19:2114,PHV37
YC19:2115,A627
YC19:2116,A548
YC19:2117,CM105
YC19:2118,R113
YC19:2119,B73
YC19:2120,ND265
YC19:2121,W552
YC19:2122,MS224
YC19:2123,B114
YC19:2124,PH207
YC19:2125,NC310
YC19:2126,A272
YC19:2127,PHP76
YC19:2128,A632
YC19:2129,78010
YC19:2130,CR14
YC19:2131,MS153
YC19:2132,W117Ht
YC19:2133,CH753-4
YC19:2134,NY 159 (Neveh Yaar)
YC19:2135,PHBW8
YC19:2136,N6
YC19:2137,LH295
YC19:2138,B103
YC19:2139,A659
YC19:2140,A334
YC19:2141,LH145
YC19:2142,SD102
YC19:2143,LH127
YC19:2144,792
YC19:2145,A572
YC19:2146,Eng-Li Chih
YC19:2147,SD40
YC19:2148,ND247
YC19:2149,B73
YC19:2150,A649
YC19:2151,911
YC19:2152,DJ7
YC19:2153,2MA22
YC19:2154,SD101
YC19:2155,PHB47
YC19:2156,OQ403
YC19:2157,CS405
YC19:2158,DKMBNA
YC19:2159,ICI581
YC19:2160,PH207
YC19:2161,MS200
YC19:2162,A634
YC19:2163,C123
YC19:2164,Pa405
YC19:2165,LH166
YC19:2166,Va99
YC19:2167,LH54
YC19:2168,W613S
YC19:2169,B73
YC19:2170,W602S
YC19:2171,MS71
YC19:2172,IBB15
YC19:2173,OQ603
YC19:2174,MS132
YC19:2175,LH223
YC19:2176,Q381
YC19:2177,N192
YC19:2178,PHHV4
YC19:2179,W614S
YC19:2180,L 127
YC19:2181,91IFC2
YC19:2182,A305
YC19:2183,A672
YC19:2184,LH184
YC19:2185,PHB09
YC19:2186,B87
YC19:2187,B73
YC19:2188,A258
YC19:2189,LH165
YC19:2190,MQ305
YC19:2191,AQA3
YC19:2192,PHK42
YC19:2193,DK78002A
YC19:2194,PHG47
YC19:2195,T242
YC19:2196,PHW20
YC19:2197,B85
YC19:2198,PHK76
YC19:2199,R181B
YC19:2200,AS6103
YC19:2201,LH209
YC19:2202,MS226
YC19:2203,CH9
YC19:2204,793
YC19:2205,PHBA6
YC19:2206,PHN66
YC19:2207,PHW86
YC19:2208,ICI 193
YC19:2209,PHN11
YC19:2210,LP5
YC19:2211,Mo17
YC19:2212,OH33
YC19:2213,A322
YC19:2214,I29
YC19:2215,ICI 441
YC19:2216,LH61
YC19:2217,DK3IIH6
YC19:2218,A641
YC19:2219,PHJ89
YC19:2220,PHG72
YC19:2221,A556
YC19:2222,LH119
YC19:2223,A648
YC19:2224,ICI 740
YC19:2225,NK807
YC19:2226,A682
YC19:2227,LH202
YC19:2228,NORTH 7
YC19:2229,NS501
YC19:2230,LH149
YC19:2231,B73
YC19:2232,W701BC
YC19:2233,N201
YC19:2234,FC46
YC19:2235,INBRED 2-687
YC19:2236,SD107
YC19:2237,DE4
YC19:2238,H42
YC19:2239,Oh43
YC19:2240,CH711-10
YC19:2241,W64A
YC19:2242,A73
YC19:2243,Va52
YC19:2244,LH198
YC19:2245,WR3
YC19:2246,912
YC19:2247,Mo47
YC19:2248,A71
YC19:2249,PH207
YC19:2250,DKIB014
YC19:2251,BO9
YC19:2252,PHVA9
YC19:2253,ICI 893
YC19:2254,B91
YC19:2255,PHN82
YC19:2256,PHJR5
YC19:2257,PHKE6
YC19:2258,LH74
YC19:2259,LH172
YC19:2260,H99
YC19:2261,B97
YC19:2262,W813G
YC19:2263,IDS69
YC19:2264,LH216
YC19:2265,MS24A
YC19:2266,PHWG5
YC19:2267,N200
YC19:2268,PHJ33
YC19:2269,DK78371A
YC19:2270,PHT47
YC19:2271,LH205
YC19:2272,B110
YC19:2273,B77
YC19:2274,Va26
YC19:2275,PHV78
YC19:2276,W814G
YC19:2277,YONG 28
YC19:2278,PHG83
YC19:2279,ND259
YC19:2280,B111
YC19:2281,LH190
YC19:2282,Va35
YC19:2283,LH204
YC19:2284,LH181
YC19:2285,N215
YC19:2286,B66
YC19:2287,HUOBAI
YC19:2288,WIL900
YC19:2289,MBPM
YC19:2290,PHN46
YC19:2291,B57
YC19:2292,DE2
YC19:2293,A321
YC19:2294,PHK56
YC19:2295,PHK29
YC19:2296,PHT10
YC19:2297,MM501D
YC19:2298,Hy
YC19:2299,PHV63
YC19:2300,PHR55
YC19:2301,N209
YC19:2302,R71
YC19:2303,N523
YC19:2304,Il778d
YC19:2305,Va102
YC19:2306,INBRED 109
YC19:2307,PHJ70
YC19:2308,AusTRCF 306238
YC19:2309,PHR58
YC19:2310,H71
YC19:2311,Va17
YC19:2312,W817G
YC19:2313,PH207
YC19:2314,N28Ht
YC19:2315,CH701-30
YC19:2316,NC326
YC19:2317,HUANYAO
YC19:2318,Oh7
YC19:2319,PHW43
YC19:2320,Mo5
YC19:2321,NC328
YC19:2322,R78
YC19:2323,LH227
YC19:2324,B75
YC19:2325,F2834T
YC19:2326,W819G
YC19:2327,PHR47
YC19:2328,B109
YC19:2329,WU-TAN-TZAO
YC19:2330,H5
YC19:2331,K41
YC19:2332,B164
YC19:2333,B37
YC19:2334,PHW79
YC19:2335,ND259
YC19:2336,Pa875
YC19:2337,87916W
YC19:2338,FR19
YC19:2339,H96
YC19:2340,IDS28
YC19:2341,Wf9
YC19:2342,CO258
YC19:2343,LH193
YC19:2344,PHZ51
YC19:2345,PHR03
YC19:2346,SG 30A
YC19:2347,CG102
YC19:2348,W821G
YC19:2349,PHK35
YC19:2350,B65
YC19:2351,NC342
YC19:2352,Yu796 NS
YC19:2353,B79
YC19:2354,KUNG-70
YC19:2355,PHHH9
YC19:2356,W811G
YC19:2357,DE3
YC19:2358,H121
YC19:2359,W810G
YC19:2360,NY6371
YC19:2361,B73
YC19:2362,ZS365
YC19:2363,LH215
YC19:2364,WXB6
YC19:2365,NC368
YC19:2366,PH207
YC19:2367,LH213
YC19:2368,S8326
YC19:2369,R227
YC19:2370,H105W
YC19:2371,W803G
YC19:2372,PHK93
YC19:2373,PHR62
YC19:2374,A797NW
YC19:2375,W32
YC19:2376,LH191
YC19:2377,NKS8326
YC19:2378,B73
YC19:2379,Tr
YC19:2380,B73
YC19:2381,6M502
YC19:2382,N7A
YC19:2383,B2
YC19:2384,PHW65
YC19:2385,2MCDB
YC19:2386,PHN34
YC19:2387,4F-35 BK
YC19:2388,R226
YC19:2389,NY 166 (Neveh Yaar)
YC19:2390,W22
YC19:2391,LH211
YC19:2392,H113
YC19:2393,B14
YC19:2394,N217
YC19:2395,VaW6
YC19:2396,LH185
YC19:2397,W809G
YC19:2398,LP1 NR HT
YC19:2399,N542
YC19:2400,B70
YC19:2401,LH1
YC19:2402,H122w
YC19:2403,LH128
YC19:2404,A
YC19:2405,N28
YC19:2406,Pa880
YC19:2407,W611S
YC19:2408,PHPR5
YC19:2409,Mo1W
YC19:2410,W23
YC19:2411,LH59
YC19:2412,N527
YC19:2413,A619
YC19:2414,PH207
YC19:2415,HP301
YC19:2416,LH194
YC19:2417,B68
YC19:2418,LH197
YC19:2419,Pa91
YC19:2420,CO257
YC19:2421,4F-234 BX 4
YC19:2422,W24
YC19:2423,B14A
YC19:2424,N218
YC19:2425,INBRED 141
YC19:2426,DE811
YC19:2427,NC290A
YC19:2428,LH214
YC19:2429,B120
YC19:2430,LH208
YC19:2431,PHBB3
YC19:2432,INBRED 309
YC19:2433,N501
YC19:2434,R168
YC19:2435,N211
YC19:2436,W812G
YC19:2437,Pa778
YC19:2438,K47
YC19:2439,PHN29
YC19:2440,Mo46
YC19:2441,Va59
YC19:2442,B47
YC19:2443,LH224
YC19:2444,NS701
YC19:2445,INB 101LFY/LFY (A632 X M16 S5)
YC19:2446,MS221
YC19:2447,W37A
YC19:2448,33-16
YC19:2449,B84
YC19:2450,NC294
YC19:2451,PHT55
YC19:2452,J8606
YC19:2453,MBST
YC19:2454,PHG35
YC19:2455,B73
YC19:2456,B105
YC19:2457,W820G
YC19:2458,CQ702RC
YC19:2459,Va22
YC19:2460,B88
YC19:2461,PHP85
YC19:2462,WIL903
YC19:2463,MBWZ
YC19:2464,R229
YC19:2465,78551S
YC19:2466,W607S
YC19:2467,LH192
YC19:2468,B98
YC19:2469,PHW52
YC19:2470,MS67
YC19:2471,YE 4
YC19:2472,Seagull Seventeen
YC19:2473,L 289
YC19:2474,B108
YC19:2475,YING-55
YC19:2476,W610S
YC19:2477,W815G
YC19:2478,4N506
YC19:2479,B46
YC19:2480,B121
YC19:2481,PHEG9
YC19:2482,H91
YC19:2483,LH60
YC19:2484,PH207
YC19:2485,PH207
YC19:2486,LH195
YC19:2487,K55
YC19:2488,NC412
YC19:2489,OC19
YC19:2490,PHT22
YC19:2491,M14
YC19:2492,INBRED 305
YC19:2493,B119
YC19:2494,6M502A
YC19:2495,NK740
YC19:2496,IDS91
YC19:2497,LH199
YC19:2498,W606S
YC19:2499,NC250
YC19:2500,WIL901
YC19:2501,E8501
YC19:2502,H84
YC19:2503,PHW53
YC19:2504,PHM10
YC19:2505,H95
YC19:2506,K150
YC19:2507,H110
YC19:2508,INBRED 321
YC19:2509,B73
YC19:2510,H114
YC19:2511,B104
YC19:2512,N534
YC19:2513,R177
YC19:2514,F118
YC19:2515,TZU-CHIAO-HSI-WU 105
YC19:2516,Os426
YC19:2517,LH65
YC19:2518,PHR31
YC19:2519,J47
YC19:2520,Pa762
YC20:1001,L 135
YC20:1002,MEF156-55-2
YC20:1003,LH93
YC20:1004,OQ603
YC20:1005,2FACC
YC20:1006,LH38
YC20:1007,WR3
YC20:1008,ICI581
YC20:1009,DKFBHJ
YC20:1010,N193
YC20:1011,PHN82
YC20:1012,NORTH 7
YC20:1013,A627
YC20:1014,IBB15
YC20:1015,PHN66
YC20:1016,A672
YC20:1017,DK4676A
YC20:1018,29MIBZ2
YC20:1019,A322
YC20:1020,CA-4
YC20:1021,DK3IIH6
YC20:1022,L 155
YC20:1023,AQA3
YC20:1024,B76
YC20:1025,CH711-10
YC20:1026,PHG80
YC20:1027,N192
YC20:1028,DE4
YC20:1029,PHH93
YC20:1030,Eng-Li Chih
YC20:1031,W552
YC20:1032,Os420
YC20:1033,Oh43
YC20:1034,A305
YC20:1035,DK78002A
YC20:1036,SD101
YC20:1037,A632
YC20:1038,LH165
YC20:1039,LH145
YC20:1040,PHG29
YC20:1041,PHK76
YC20:1042,LH206
YC20:1043,BO9
YC20:1044,MS200
YC20:1045,DKFAPW
YC20:1046,NY 159 (Neveh Yaar)
YC20:1047,N6
YC20:1048,LH149
YC20:1049,ZS635
YC20:1050,A401
YC20:1051,FC46
YC20:1052,CH157
YC20:1053,PHP55
YC20:1054,OH33
YC20:1055,PH207
YC20:1056,A634
YC20:1057,G80
YC20:1058,4F-306 108
YC20:1059,PHG72
YC20:1060,Pa392
YC20:1061,91IFC2
YC20:1062,LH132
YC20:1063,PHBA6
YC20:1064,911
YC20:1065,B73
YC20:1066,PHW86
YC20:1067,SD102
YC20:1068,SD44
YC20:1069,DKMBNA
YC20:1070,LP5
YC20:1071,LH61
YC20:1072,B73
YC20:1073,ICI 740
YC20:1074,EAST 028
YC20:1075,Ny821
YC20:1076,A427
YC20:1077,CI 40H
YC20:1078,A556
YC20:1079,A548
YC20:1080,R113
YC20:1081,A680
YC20:1082,AS6103
YC20:1083,LH166
YC20:1084,PHJ90
YC20:1085,N197
YC20:1086,A239
YC20:1087,OS602
YC20:1088,MS225
YC20:1089,ICI 986
YC20:1090,A334
YC20:1091,LH119
YC20:1092,ML606
YC20:1093,792
YC20:1094,PH207
YC20:1095,LH198
YC20:1096,PHP76
YC20:1097,PH207
YC20:1098,793
YC20:1099,IA2132
YC20:1100,T242
YC20:1101,LIBC 4
YC20:1102,MS211
YC20:1103,PHW20
YC20:1104,A659
YC20:1105,W612S
YC20:1106,CR1HT
YC20:1107,Va52
YC20:1108,W614S
YC20:1109,W117Ht
YC20:1110,PHR36
YC20:1111,MS224
YC20:1112,NC262
YC20:1113,W701BC
YC20:1114,W602S
YC20:1115,LH172
YC20:1116,A572
YC20:1117,LH295
YC20:1118,Mo17
YC20:1119,LH146Ht
YC20:1120,NQ508
YC20:1121,ND265
YC20:1122,ICI 193
YC20:1123,764
YC20:1124,A272
YC20:1125,W604S
YC20:1126,A648
YC20:1127,LH209
YC20:1128,B87
YC20:1129,PHW30
YC20:1130,Oh40B
YC20:1131,LH184
YC20:1132,MS226
YC20:1133,CM105
YC20:1134,LH223
YC20:1135,PH207
YC20:1136,NK807
YC20:1137,PHGW7
YC20:1138,790
YC20:1139,B-18 INBR.FR.SUPERGOLD
YC20:1140,6F629
YC20:1141,A374
YC20:1142,B73
YC20:1143,W605S
YC20:1144,PHKE6
YC20:1145,H42
YC20:1146,LH222
YC20:1147,DKIB014
YC20:1148,PHN11
YC20:1149,PHW03
YC20:1150,3IJI1
YC20:1151,2369
YC20:1152,PHV37
YC20:1153,PHV57
YC20:1154,DK78010
YC20:1155,MS1334
YC20:1156,C103
YC20:1157,A674
YC20:1158,I29
YC20:1159,LH143 (Maintainer)
YC20:1160,SD107
YC20:1161,B91
YC20:1162,IBC2
YC20:1163,Ia 453
YC20:1164,PHG86
YC20:1165,B73
YC20:1166,PH207
YC20:1167,Q381
YC20:1168,Lp215D
YC20:1169,L 127
YC20:1170,R181B
YC20:1171,2FADB
YC20:1172,B85
YC20:1173,Va99
YC20:1174,CH9
YC20:1175,MS153
YC20:1176,DJ7
YC20:1177,A663
YC20:1178,A340
YC20:1179,ND247
YC20:1180,B73
YC20:1181,CR 22 INBRED
YC20:1182,PHK74
YC20:1183,CH753-4
YC20:1184,W153R
YC20:1185,912
YC20:1186,H99
YC20:1187,2MA22
YC20:1188,PHT69
YC20:1189,A258
YC20:1190,A649
YC20:1191,MS71
YC20:1192,A73
YC20:1193,A679
YC20:1194,A71
YC20:1195,W182E
YC20:1196,W603S
YC20:1197,Mo47
YC20:1198,NC310
YC20:1199,PHG71
YC20:1200,IBB14
YC20:1201,A641
YC20:1202,LH57
YC20:1203,MQ305
YC20:1204,CR14
YC20:1205,PHR30
YC20:1206,NK778
YC20:1207,LH82
YC20:1208,SD40
YC20:1209,B107
YC20:1210,PHG47
YC20:1211,B-28
YC20:1212,PHTM9
YC20:1213,B103
YC20:1214,A385
YC20:1215,MS72
YC20:1216,NS501
YC20:1217,PHHV4
YC20:1218,ICI 893
YC20:1219,C123
YC20:1220,W9
YC20:1221,A682
YC20:1222,PHJ89
YC20:1223,INBRED 2-687
YC20:1224,PHW80
YC20:1225,OQ403
YC20:1226,PHP02
YC20:1227,W8304
YC20:1228,A208
YC20:1229,78010
YC20:1230,PHJR5
YC20:1231,PHBW8
YC20:1232,PHVA9
YC20:1233,PHB47
YC20:1234,W64A
YC20:1235,Pa405
YC20:1236,W613S
YC20:1237,BEI 10 = NORTH 10
YC20:1238,MS116
YC20:1239,B115
YC20:1240,1538
YC20:1241,LH54
YC20:1242,N201
YC20:1243,L 139
YC20:1244,PHG50
YC20:1245,PHVJ4
YC20:1246,PHK42
YC20:1247,LH127
YC20:1248,DKPB80
YC20:1249,PHW17
YC20:1250,ICI 441
YC20:1251,PHB09
YC20:1252,A635
YC20:1253,CS405
YC20:1254,B114
YC20:1255,MS132
YC20:1256,FBLA
YC20:1257,4226
YC20:1258,PHR63
YC20:1259,LH74
YC20:1260,LH202
YC20:1261,LH227
YC20:1262,PHK35
YC20:1263,4N506
YC20:1264,N7A
YC20:1265,W813G
YC20:1266,INB 101LFY/LFY (A632 X M16 S5)
YC20:1267,B73
YC20:1268,HUANYAO
YC20:1269,MM501D
YC20:1270,PHR58
YC20:1271,W24
YC20:1272,K150
YC20:1273,LH65
YC20:1274,PHV63
YC20:1275,Yu796 NS
YC20:1276,W32
YC20:1277,PH207
YC20:1278,B84
YC20:1279,R226
YC20:1280,MBST
YC20:1281,W821G
YC20:1282,W811G
YC20:1283,W817G
YC20:1284,Tr
YC20:1285,HP301
YC20:1286,87916W
YC20:1287,ND259
YC20:1288,B88
YC20:1289,B73
YC20:1290,LH214
YC20:1291,N28
YC20:1292,K41
YC20:1293,LH190
YC20:1294,PHT22
YC20:1295,6M502
YC20:1296,SG 30A
YC20:1297,6M502A
YC20:1298,Pa875
YC20:1299,N534
YC20:1300,MS67
YC20:1301,WXB6
YC20:1302,LH194
YC20:1303,PHK93
YC20:1304,A797NW
YC20:1305,H110
YC20:1306,4F-35 BK
YC20:1307,LP1 NR HT
YC20:1308,LH197
YC20:1309,Va26
YC20:1310,LH60
YC20:1311,LH199
YC20:1312,W819G
YC20:1313,LH185
YC20:1314,Va102
YC20:1315,Hy
YC20:1316,NY6371
YC20:1317,H71
YC20:1318,PH207
YC20:1319,B110
YC20:1320,Oh7
YC20:1321,E8501
YC20:1322,LH195
YC20:1323,A
YC20:1324,LH181
YC20:1325,PHPR5
YC20:1326,N209
YC20:1327,W606S
YC20:1328,H113
YC20:1329,PHN46
YC20:1330,NS701
YC20:1331,PHR62
YC20:1332,DE3
YC20:1333,PHT10
YC20:1334,PHW65
YC20:1335,LH205
YC20:1336,PHG83
YC20:1337,CQ702RC
YC20:1338,H114
YC20:1339,Mo5
YC20:1340,LH216
YC20:1341,W610S
YC20:1342,B105
YC20:1343,H91
YC20:1344,N200
YC20:1345,A321
YC20:1346,R227
YC20:1347,R229
YC20:1348,YONG 28
YC20:1349,INBRED 309
YC20:1350,CH701-30
YC20:1351,PHEG9
YC20:1352,MBWZ
YC20:1353,MS24A
YC20:1354,INBRED 305
YC20:1355,B37
YC20:1356,S8326
YC20:1357,L 289
YC20:1358,LH215
YC20:1359,WIL900
YC20:1360,INBRED 141
YC20:1361,B97
YC20:1362,LH59
YC20:1363,PHP85
YC20:1364,W815G
YC20:1365,B120
YC20:1366,W812G
YC20:1367,LH1
YC20:1368,PH207
YC20:1369,N527
YC20:1370,B119
YC20:1371,PHR03
YC20:1372,DE2
YC20:1373,Pa91
YC20:1374,F2834T
YC20:1375,F118
YC20:1376,W22
YC20:1377,B14
YC20:1378,B109
YC20:1379,NC412
YC20:1380,Va59
YC20:1381,Mo1W
YC20:1382,B73
YC20:1383,B66
YC20:1384,W820G
YC20:1385,CO257
YC20:1386,PHV78
YC20:1387,IDS91
YC20:1388,R71
YC20:1389,LH192
YC20:1390,B108
YC20:1391,IDS69
YC20:1392,B46
YC20:1393,78551S
YC20:1394,PH207
YC20:1395,R168
YC20:1396,K55
YC20:1397,N542
YC20:1398,LH224
YC20:1399,A619
YC20:1400,NC326
YC20:1401,Il778d
YC20:1402,IDS28
YC20:1403,LH204
YC20:1404,B14A
YC20:1405,B68
YC20:1406,B75
YC20:1407,PHW43
YC20:1408,PHHH9
YC20:1409,Pa778
YC20:1410,PHK56
YC20:1411,33-16
YC20:1412,ND259
YC20:1413,MS221
YC20:1414,N501
YC20:1415,NC328
YC20:1416,K47
YC20:1417,ZS365
YC20:1418,WIL901
YC20:1419,NC250
YC20:1420,LH191
YC20:1421,W809G
YC20:1422,B77
YC20:1423,Os426
YC20:1424,R177
YC20:1425,NC368
YC20:1426,WU-TAN-TZAO
YC20:1427,DE811
YC20:1428,NKS8326
YC20:1429,PHR31
YC20:1430,Seagull Seventeen
YC20:1431,Va35
YC20:1432,YE 4
YC20:1433,Va17
YC20:1434,H121
YC20:1435,PHW79
YC20:1436,WIL903
YC20:1437,W607S
YC20:1438,INBRED 321
YC20:1439,Pa762
YC20:1440,PHW52
YC20:1441,B79
YC20:1442,W803G
YC20:1443,LH193
YC20:1444,Pa880
YC20:1445,LH128
YC20:1446,NK740
YC20:1447,H122w
YC20:1448,PHK29
YC20:1449,PHZ51
YC20:1450,B70
YC20:1451,PHG35
YC20:1452,B57
YC20:1453,INBRED 109
YC20:1454,B73
YC20:1455,PHN29
YC20:1456,N217
YC20:1457,B164
YC20:1458,PHN34
YC20:1459,HUOBAI
YC20:1460,W810G
YC20:1461,NC342
YC20:1462,CG102
YC20:1463,PHT55
YC20:1464,H96
YC20:1465,YING-55
YC20:1466,PHT47
YC20:1467,PHJ70
YC20:1468,W37A
YC20:1469,VaW6
YC20:1470,NC294
YC20:1471,H5
YC20:1472,M14
YC20:1473,H105W
YC20:1474,B111
YC20:1475,OC19
YC20:1476,2MCDB
YC20:1477,AusTRCF 306238
YC20:1478,B121
YC20:1479,B47
YC20:1480,W611S
YC20:1481,J47
YC20:1482,N218
YC20:1483,PHM10
YC20:1484,DK78371A
YC20:1485,LH211
YC20:1486,PHR55
YC20:1487,W23
YC20:1488,PH207
YC20:1489,NY 166 (Neveh Yaar)
YC20:1490,CO258
YC20:1491,PHR47
YC20:1492,H95
YC20:1493,R78
YC20:1494,NC290A
YC20:1495,FR19
YC20:1496,Va22
YC20:1497,4F-234 BX 4
YC20:1498,N523
YC20:1499,LH208
YC20:1500,PHJ33
YC20:1501,LH213
YC20:1502,H84
YC20:1503,N211
YC20:1504,MBPM
YC20:1505,N28Ht
YC20:1506,B2
YC20:1507,W814G
YC20:1508,KUNG-70
YC20:1509,Mo46
YC20:1510,J8606
YC20:1511,B104
YC20:1512,TZU-CHIAO-HSI-WU 105
YC20:1513,PHBB3
YC20:1514,PHWG5
YC20:1515,B73
YC20:1516,B98
YC20:1517,B65
YC20:1518,PHW53
YC20:1519,Wf9
YC20:1520,N215
YC20:2001,Mo47
YC20:2002,Pa405
YC20:2003,PH207
YC20:2004,PHG47
YC20:2005,A672
YC20:2006,CR14
YC20:2007,SD101
YC20:2008,W64A
YC20:2009,N201
YC20:2010,C123
YC20:2011,H42
YC20:2012,LH295
YC20:2013,A556
YC20:2014,LH54
YC20:2015,B115
YC20:2016,PH207
YC20:2017,PHTM9
YC20:2018,A659
YC20:2019,PHN11
YC20:2020,PHK74
YC20:2021,A272
YC20:2022,W614S
YC20:2023,PHT69
YC20:2024,A663
YC20:2025,911
YC20:2026,Pa392
YC20:2027,A680
YC20:2028,B114
YC20:2029,AQA3
YC20:2030,Eng-Li Chih
YC20:2031,2FADB
YC20:2032,LP5
YC20:2033,LH202
YC20:2034,PHG29
YC20:2035,A572
YC20:2036,I29
YC20:2037,LH61
YC20:2038,PHBA6
YC20:2039,PHJR5
YC20:2040,R181B
YC20:2041,DKPB80
YC20:2042,NQ508
YC20:2043,N197
YC20:2044,B-18 INBR.FR.SUPERGOLD
YC20:2045,NY 159 (Neveh Yaar)
YC20:2046,6F629
YC20:2047,DKMBNA
YC20:2048,DK78010
YC20:2049,INBRED 2-687
YC20:2050,OQ403
YC20:2051,2369
YC20:2052,NS501
YC20:2053,PHG71
YC20:2054,PHR63
YC20:2055,PHG86
YC20:2056,W612S
YC20:2057,A258
YC20:2058,MS71
YC20:2059,PHVJ4
YC20:2060,Oh43
YC20:2061,LH143 (Maintainer)
YC20:2062,PHV57
YC20:2063,SD102
YC20:2064,W604S
YC20:2065,A334
YC20:2066,DKFAPW
YC20:2067,A548
YC20:2068,PHJ89
YC20:2069,A374
YC20:2070,Oh40B
YC20:2071,2FACC
YC20:2072,CR1HT
YC20:2073,PHW80
YC20:2074,PHN82
YC20:2075,PHJ90
YC20:2076,LH223
YC20:2077,PHR36
YC20:2078,LIBC 4
YC20:2079,PHW86
YC20:2080,PHW03
YC20:2081,793
YC20:2082,ICI581
YC20:2083,ICI 740
YC20:2084,SD44
YC20:2085,DK4676A
YC20:2086,A634
YC20:2087,AS6103
YC20:2088,ML606
YC20:2089,Mo17
YC20:2090,4F-306 108
YC20:2091,Va52
YC20:2092,PHR30
YC20:2093,A682
YC20:2094,CS405
YC20:2095,PHGW7
YC20:2096,B103
YC20:2097,L 139
YC20:2098,29MIBZ2
YC20:2099,A73
YC20:2100,PHHV4
YC20:2101,LH38
YC20:2102,CH9
YC20:2103,LH206
YC20:2104,NC310
YC20:2105,B76
YC20:2106,N6
YC20:2107,B73
YC20:2108,PHH93
YC20:2109,1538
YC20:2110,W605S
YC20:2111,PHG80
YC20:2112,LH149
YC20:2113,BO9
YC20:2114,PHN66
YC20:2115,PHK76
YC20:2116,B-28
YC20:2117,PHW20
YC20:2118,A385
YC20:2119,PHG72
YC20:2120,ICI 893
YC20:2121,W8304
YC20:2122,CH157
YC20:2123,B73
YC20:2124,PHVA9
YC20:2125,B91
YC20:2126,A649
YC20:2127,DK3IIH6
YC20:2128,PHKE6
YC20:2129,A627
YC20:2130,MS200
YC20:2131,W552
YC20:2132,LH82
YC20:2133,G80
YC20:2134,LH172
YC20:2135,Q381
YC20:2136,MS72
YC20:2137,PHP02
YC20:2138,LH198
YC20:2139,B73
YC20:2140,A208
YC20:2141,C103
YC20:2142,78010
YC20:2143,OS602
YC20:2144,PHBW8
YC20:2145,LH166
YC20:2146,H99
YC20:2147,LH209
YC20:2148,W182E
YC20:2149,LH222
YC20:2150,L 135
YC20:2151,BEI 10 = NORTH 10
YC20:2152,792
YC20:2153,SD40
YC20:2154,4226
YC20:2155,Ia 453
YC20:2156,DJ7
YC20:2157,MS225
YC20:2158,PHG50
YC20:2159,L 155
YC20:2160,DKFBHJ
YC20:2161,IBB15
YC20:2162,PH207
YC20:2163,LH132
YC20:2164,WR3
YC20:2165,IBB14
YC20:2166,912
YC20:2167,A71
YC20:2168,LH146Ht
YC20:2169,LH74
YC20:2170,SD107
YC20:2171,FBLA
YC20:2172,ZS635
YC20:2173,Va99
YC20:2174,NK807
YC20:2175,FC46
YC20:2176,IBC2
YC20:2177,PHP76
YC20:2178,MS226
YC20:2179,A340
YC20:2180,PHP55
YC20:2181,LH145
YC20:2182,W117Ht
YC20:2183,B73
YC20:2184,DE4
YC20:2185,A401
YC20:2186,PH207
YC20:2187,Lp215D
YC20:2188,CR 22 INBRED
YC20:2189,PH207
YC20:2190,MS153
YC20:2191,LH127
YC20:2192,DK78002A
YC20:2193,LH165
YC20:2194,LH119
YC20:2195,B107
YC20:2196,B73
YC20:2197,W602S
YC20:2198,OQ603
YC20:2199,N193
YC20:2200,A635
YC20:2201,R113
YC20:2202,2MA22
YC20:2203,A239
YC20:2204,NC262
YC20:2205,CI 40H
YC20:2206,B87
YC20:2207,PHW30
YC20:2208,Ny821
YC20:2209,Os420
YC20:2210,3IJI1
YC20:2211,W701BC
YC20:2212,NORTH 7
YC20:2213,PHB09
YC20:2214,MEF156-55-2
YC20:2215,LH57
YC20:2216,CH711-10
YC20:2217,W153R
YC20:2218,L 127
YC20:2219,LH184
YC20:2220,MS132
YC20:2221,764
YC20:2222,MS116
YC20:2223,A305
YC20:2224,MQ305
YC20:2225,CA-4
YC20:2226,A427
YC20:2227,A322
YC20:2228,91IFC2
YC20:2229,W613S
YC20:2230,CH753-4
YC20:2231,ICI 441
YC20:2232,PHV37
YC20:2233,B85
YC20:2234,W603S
YC20:2235,A648
YC20:2236,PHB47
YC20:2237,A641
YC20:2238,PHW17
YC20:2239,PHK42
YC20:2240,LH93
YC20:2241,CM105
YC20:2242,790
YC20:2243,W9
YC20:2244,NK778
YC20:2245,ICI 193
YC20:2246,A632
YC20:2247,A679
YC20:2248,ND265
YC20:2249,ND247
YC20:2250,EAST 028
YC20:2251,ICI 986
YC20:2252,IA2132
YC20:2253,OH33
YC20:2254,N192
YC20:2255,DKIB014
YC20:2256,T242
YC20:2257,MS211
YC20:2258,MS224
YC20:2259,A674
YC20:2260,MS1334
YC20:2261,B97
YC20:2262,H5
YC20:2263,MS67
YC20:2264,B110
YC20:2265,W610S
YC20:2266,PH207
YC20:2267,HUOBAI
YC20:2268,N211
YC20:2269,PH207
YC20:2270,B104
YC20:2271,LH65
YC20:2272,N523
YC20:2273,Il778d
YC20:2274,J8606
YC20:2275,N527
YC20:2276,LH192
YC20:2277,PHN34
YC20:2278,Wf9
YC20:2279,INBRED 305
YC20:2280,HP301
YC20:2281,Va22
YC20:2282,H91
YC20:2283,W813G
YC20:2284,WXB6
YC20:2285,NC326
YC20:2286,K47
YC20:2287,B73
YC20:2288,W817G
YC20:2289,B164
YC20:2290,Va17
YC20:2291,Pa778
YC20:2292,PHT47
YC20:2293,MS221
YC20:2294,LH128
YC20:2295,NY6371
YC20:2296,CQ702RC
YC20:2297,R177
YC20:2298,FR19
YC20:2299,B73
YC20:2300,PHJ33
YC20:2301,B120
YC20:2302,PH207
YC20:2303,W32
YC20:2304,B73
YC20:2305,R78
YC20:2306,B84
YC20:2307,Va59
YC20:2308,H113
YC20:2309,LH199
YC20:2310,Os426
YC20:2311,Pa875
YC20:2312,LP1 NR HT
YC20:2313,INBRED 309
YC20:2314,PHV78
YC20:2315,PHR31
YC20:2316,NC412
YC20:2317,N28
YC20:2318,LH213
YC20:2319,LH190
YC20:2320,PHR62
YC20:2321,CO258
YC20:2322,6M502
YC20:2323,W819G
YC20:2324,PHK35
YC20:2325,Pa880
YC20:2326,LH211
YC20:2327,W611S
YC20:2328,INBRED 321
YC20:2329,R168
YC20:2330,WU-TAN-TZAO
YC20:2331,B121
YC20:2332,Mo5
YC20:2333,W821G
YC20:2334,LH1
YC20:2335,H84
YC20:2336,LH224
YC20:2337,K41
YC20:2338,N209
YC20:2339,LH197
YC20:2340,KUNG-70
YC20:2341,OC19
YC20:2342,W812G
YC20:2343,N200
YC20:2344,L 289
YC20:2345,4F-234 BX 4
YC20:2346,W606S
YC20:2347,B70
YC20:2348,B98
YC20:2349,W37A
YC20:2350,PHM10
YC20:2351,LH205
YC20:2352,6M502A
YC20:2353,LH215
YC20:2354,H71
YC20:2355,B65
YC20:2356,SG 30A
YC20:2357,NC290A
YC20:2358,R71
YC20:2359,N28Ht
YC20:2360,LH194
YC20:2361,Va26
YC20:2362,NC294
YC20:2363,H114
YC20:2364,B14A
YC20:2365,Seagull Seventeen
YC20:2366,PHW53
YC20:2367,PHR58
YC20:2368,N217
YC20:2369,PHG35
YC20:2370,78551S
YC20:2371,LH60
YC20:2372,LH208
YC20:2373,LH59
YC20:2374,Oh7
YC20:2375,PHR03
YC20:2376,INBRED 141
YC20:2377,K55
YC20:2378,LH193
YC20:2379,B2
YC20:2380,B79
YC20:2381,TZU-CHIAO-HSI-WU 105
YC20:2382,PHT55
YC20:2383,PHR47
YC20:2384,N501
YC20:2385,H122w
YC20:2386,NK740
YC20:2387,87916W
YC20:2388,PH207
YC20:2389,YING-55
YC20:2390,Pa762
YC20:2391,Yu796 NS
YC20:2392,NC250
YC20:2393,B77
YC20:2394,HUANYAO
YC20:2395,W811G
YC20:2396,INBRED 109
YC20:2397,W815G
YC20:2398,LH227
YC20:2399,N534
YC20:2400,MBWZ
YC20:2401,W607S
YC20:2402,PHW65
YC20:2403,B46
YC20:2404,K150
YC20:2405,B109
YC20:2406,W809G
YC20:2407,Va35
YC20:2408,NY 166 (Neveh Yaar)
YC20:2409,PHZ51
YC20:2410,R227
YC20:2411,LH204
YC20:2412,R229
YC20:2413,ND259
YC20:2414,W814G
YC20:2415,NKS8326
YC20:2416,B105
YC20:2417,PHK93
YC20:2418,PHW43
YC20:2419,2MCDB
YC20:2420,AusTRCF 306238
YC20:2421,H110
YC20:2422,W820G
YC20:2423,WIL900
YC20:2424,MBPM
YC20:2425,VaW6
YC20:2426,PHW79
YC20:2427,B73
YC20:2428,F118
YC20:2429,PHPR5
YC20:2430,PHK56
YC20:2431,DK78371A
YC20:2432,WIL903
YC20:2433,Mo46
YC20:2434,PHR55
YC20:2435,PHN46
YC20:2436,CO257
YC20:2437,IDS69
YC20:2438,WIL901
YC20:2439,PH207
YC20:2440,S8326
YC20:2441,PHWG5
YC20:2442,PHK29
YC20:2443,A321
YC20:2444,W810G
YC20:2445,PHJ70
YC20:2446,4N506
YC20:2447,A619
YC20:2448,B119
YC20:2449,IDS91
YC20:2450,N7A
YC20:2451,NC328
YC20:2452,NC368
YC20:2453,PHT10
YC20:2454,B57
YC20:2455,33-16
YC20:2456,ND259
YC20:2457,B68
YC20:2458,YE 4
YC20:2459,MS24A
YC20:2460,Mo1W
YC20:2461,N218
YC20:2462,Pa91
YC20:2463,CG102
YC20:2464,DE811
YC20:2465,E8501
YC20:2466,A797NW
YC20:2467,B111
YC20:2468,PHG83
YC20:2469,B37
YC20:2470,MM501D
YC20:2471,ZS365
YC20:2472,F2834T
YC20:2473,B108
YC20:2474,DE2
YC20:2475,M14
YC20:2476,CH701-30
YC20:2477,H121
YC20:2478,W803G
YC20:2479,B66
YC20:2480,YONG 28
YC20:2481,Tr
YC20:2482,B75
YC20:2483,PHT22
YC20:2484,LH195
YC20:2485,W23
YC20:2486,DE3
YC20:2487,Va102
YC20:2488,NS701
YC20:2489,LH181
YC20:2490,PHV63
YC20:2491,LH216
YC20:2492,N542
YC20:2493,W22
YC20:2494,4F-35 BK
YC20:2495,Hy
YC20:2496,B88
YC20:2497,MBST
YC20:2498,PHBB3
YC20:2499,N215
YC20:2500,PHN29
YC20:2501,B47
YC20:2502,LH191
YC20:2503,INB 101LFY/LFY (A632 X M16 S5)
YC20:2504,NC342
YC20:2505,B73
YC20:2506,A
YC20:2507,B14
YC20:2508,LH185
YC20:2509,J47
YC20:2510,R226
YC20:2511,PHEG9
YC20:2512,LH214
YC20:2513,IDS28
YC20:2514,PHW52
YC20:2515,W24
YC20:2516,PHHH9
YC20:2517,H105W
YC20:2518,H96
YC20:2519,H95
YC20:2520,PHP85
YC21:1001,ICI 986
YC21:1002,DKFBHJ
YC21:1003,PHBW8
YC21:1004,PH207
YC21:1005,R113
YC21:1006,W9
YC21:1007,AQA3
YC21:1008,DE4
YC21:1009,W552
YC21:1010,LH198
YC21:1011,LH74
YC21:1012,A374
YC21:1013,A334
YC21:1014,DKMBNA
YC21:1015,ICI 441
YC21:1016,CH711-10
YC21:1017,PHG80
YC21:1018,A71
YC21:1019,2369
YC21:1020,B73
YC21:1021,LH82
YC21:1022,MS132
YC21:1023,C103
YC21:1024,L 155
YC21:1025,PHN66
YC21:1026,SD102
YC21:1027,PHGW7
YC21:1028,BO9
YC21:1029,AS6103
YC21:1030,DKPB80
YC21:1031,764
YC21:1032,Ia 453
YC21:1033,FC46
YC21:1034,PH207
YC21:1035,B-18 INBR.FR.SUPERGOLD
YC21:1036,ICI581
YC21:1037,N201
YC21:1038,W603S
YC21:1039,ICI 193
YC21:1040,PHJR5
YC21:1041,W64A
YC21:1042,L 135
YC21:1043,CA-4
YC21:1044,I29
YC21:1045,LH132
YC21:1046,LH61
YC21:1047,Mo47
YC21:1048,W613S
YC21:1049,LH202
YC21:1050,B76
YC21:1051,A635
YC21:1052,PHP55
YC21:1053,A556
YC21:1054,LH206
YC21:1055,LH172
YC21:1056,LIBC 4
YC21:1057,Lp215D
YC21:1058,PHVJ4
YC21:1059,A634
YC21:1060,2FACC
YC21:1061,W701BC
YC21:1062,SD44
YC21:1063,PHJ90
YC21:1064,IBB14
YC21:1065,911
YC21:1066,NS501
YC21:1067,LH54
YC21:1068,ND247
YC21:1069,W8304
YC21:1070,LH38
YC21:1071,A401
YC21:1072,29MIBZ2
YC21:1073,LH57
YC21:1074,Oh40B
YC21:1075,W604S
YC21:1076,W117Ht
YC21:1077,MS211
YC21:1078,DK78010
YC21:1079,A674
YC21:1080,Os420
YC21:1081,A641
YC21:1082,Ny821
YC21:1083,4226
YC21:1084,LH222
YC21:1085,T242
YC21:1086,DKIB014
YC21:1087,MS71
YC21:1088,790
YC21:1089,B115
YC21:1090,792
YC21:1091,A272
YC21:1092,W602S
YC21:1093,MS153
YC21:1094,A663
YC21:1095,Q381
YC21:1096,CM105
YC21:1097,LH209
YC21:1098,OQ403
YC21:1099,IA2132
YC21:1100,G80
YC21:1101,CH753-4
YC21:1102,DK4676A
YC21:1103,PHK42
YC21:1104,3IJI1
YC21:1105,H42
YC21:1106,PHK76
YC21:1107,NK778
YC21:1108,PHW20
YC21:1109,PHW30
YC21:1110,PH207
YC21:1111,MEF156-55-2
YC21:1112,LP5
YC21:1113,L 139
YC21:1114,PHR36
YC21:1115,A548
YC21:1116,PHG47
YC21:1117,MS224
YC21:1118,PHK74
YC21:1119,DKFAPW
YC21:1120,LH145
YC21:1121,CI 40H
YC21:1122,NC262
YC21:1123,91IFC2
YC21:1124,PHN11
YC21:1125,PHG29
YC21:1126,NY 159 (Neveh Yaar)
YC21:1127,6F629
YC21:1128,IBC2
YC21:1129,A649
YC21:1130,A659
YC21:1131,1538
YC21:1132,LH127
YC21:1133,PHKE6
YC21:1134,PHN82
YC21:1135,PHT69
YC21:1136,PH207
YC21:1137,NORTH 7
YC21:1138,PHP76
YC21:1139,MQ305
YC21:1140,MS1334
YC21:1141,N192
YC21:1142,A258
YC21:1143,A572
YC21:1144,MS225
YC21:1145,78010
YC21:1146,MS200
YC21:1147,CH9
YC21:1148,PHG86
YC21:1149,A682
YC21:1150,A427
YC21:1151,2MA22
YC21:1152,LH149
YC21:1153,B-28
YC21:1154,Pa392
YC21:1155,912
YC21:1156,W614S
YC21:1157,LH165
YC21:1158,PHVA9
YC21:1159,PHV57
YC21:1160,N193
YC21:1161,W153R
YC21:1162,B73
YC21:1163,NQ508
YC21:1164,A679
YC21:1165,OQ603
YC21:1166,B85
YC21:1167,A73
YC21:1168,N6
YC21:1169,A208
YC21:1170,A632
YC21:1171,N197
YC21:1172,C123
YC21:1173,WR3
YC21:1174,CR 22 INBRED
YC21:1175,DK3IIH6
YC21:1176,B91
YC21:1177,MS72
YC21:1178,INBRED 2-687
YC21:1179,LH295
YC21:1180,DK78002A
YC21:1181,ZS635
YC21:1182,Mo17
YC21:1183,PHB09
YC21:1184,A322
YC21:1185,R181B
YC21:1186,Va52
YC21:1187,PHW17
YC21:1188,PHB47
YC21:1189,LH146Ht
YC21:1190,B114
YC21:1191,ICI 893
YC21:1192,ICI 740
YC21:1193,A305
YC21:1194,LH166
YC21:1195,CH157
YC21:1196,W182E
YC21:1197,OS602
YC21:1198,OH33
YC21:1199,PHTM9
YC21:1200,IBB15
YC21:1201,4F-306 108
YC21:1202,Pa405
YC21:1203,Oh43
YC21:1204,PHP02
YC21:1205,B87
YC21:1206,PHG50
YC21:1207,PHBA6
YC21:1208,LH184
YC21:1209,FBLA
YC21:1210,LH93
YC21:1211,2FADB
YC21:1212,EAST 028
YC21:1213,SD107
YC21:1214,PHR63
YC21:1215,PHW03
YC21:1216,B103
YC21:1217,B73
YC21:1218,A648
YC21:1219,MS116
YC21:1220,W612S
YC21:1221,PHG71
YC21:1222,MS226
YC21:1223,ND265
YC21:1224,A627
YC21:1225,PHR30
YC21:1226,PHW86
YC21:1227,B107
YC21:1228,W605S
YC21:1229,CR1HT
YC21:1230,SD101
YC21:1231,PH207
YC21:1232,A672
YC21:1233,A239
YC21:1234,SD40
YC21:1235,A680
YC21:1236,LH223
YC21:1237,Eng-Li Chih
YC21:1238,A340
YC21:1239,Va99
YC21:1240,CS405
YC21:1241,PHW80
YC21:1242,DJ7
YC21:1243,CR14
YC21:1244,H99
YC21:1245,LH119
YC21:1246,ML606
YC21:1247,A385
YC21:1248,B73
YC21:1249,LH143 (Maintainer)
YC21:1250,PHJ89
YC21:1251,L 127
YC21:1252,793
YC21:1253,PHHV4
YC21:1254,NC310
YC21:1255,PHG72
YC21:1256,BEI 10 = NORTH 10
YC21:1257,NK807
YC21:1258,B73
YC21:1259,PHV37
YC21:1260,PHH93
YC21:1261,B119
YC21:1262,A797NW
YC21:1263,H71
YC21:1264,B104
YC21:1265,N217
YC21:1266,A321
YC21:1267,B46
YC21:1268,CG102
YC21:1269,Oh7
YC21:1270,LH185
YC21:1271,NC412
YC21:1272,PHG83
YC21:1273,B73
YC21:1274,YONG 28
YC21:1275,W37A
YC21:1276,K41
YC21:1277,K47
YC21:1278,B164
YC21:1279,PHG35
YC21:1280,HP301
YC21:1281,W611S
YC21:1282,N200
YC21:1283,LH1
YC21:1284,PH207
YC21:1285,CO258
YC21:1286,Mo1W
YC21:1287,WIL900
YC21:1288,PHWG5
YC21:1289,INBRED 305
YC21:1290,INBRED 141
YC21:1291,B70
YC21:1292,NK740
YC21:1293,DE811
YC21:1294,CO257
YC21:1295,PHN46
YC21:1296,R78
YC21:1297,R71
YC21:1298,Va102
YC21:1299,B73
YC21:1300,PHK35
YC21:1301,M14
YC21:1302,W24
YC21:1303,DE3
YC21:1304,VaW6
YC21:1305,LH193
YC21:1306,PHHH9
YC21:1307,MBPM
YC21:1308,LH213
YC21:1309,LH205
YC21:1310,B73
YC21:1311,B65
YC21:1312,B121
YC21:1313,R168
YC21:1314,N209
YC21:1315,W820G
YC21:1316,87916W
YC21:1317,PHP85
YC21:1318,MS67
YC21:1319,A
YC21:1320,H96
YC21:1321,YE 4
YC21:1322,B109
YC21:1323,PHW65
YC21:1324,PHV78
YC21:1325,B108
YC21:1326,PHEG9
YC21:1327,B2
YC21:1328,4N506
YC21:1329,H105W
YC21:1330,Pa880
YC21:1331,KUNG-70
YC21:1332,FR19
YC21:1333,LH197
YC21:1334,H121
YC21:1335,Pa778
YC21:1336,NC368
YC21:1337,MS221
YC21:1338,MBST
YC21:1339,S8326
YC21:1340,R227
YC21:1341,B57
YC21:1342,PHV63
YC21:1343,PHPR5
YC21:1344,N527
YC21:1345,Tr
YC21:1346,W32
YC21:1347,B98
YC21:1348,WIL903
YC21:1349,K55
YC21:1350,W812G
YC21:1351,NC250
YC21:1352,PHW53
YC21:1353,B111
YC21:1354,ND259
YC21:1355,B77
YC21:1356,IDS91
YC21:1357,PHK29
YC21:1358,LH128
YC21:1359,Va22
YC21:1360,N7A
YC21:1361,PH207
YC21:1362,F118
YC21:1363,INBRED 321
YC21:1364,W811G
YC21:1365,Va59
YC21:1366,Il778d
YC21:1367,PHT47
YC21:1368,PHR62
YC21:1369,4F-234 BX 4
YC21:1370,PHT10
YC21:1371,F2834T
YC21:1372,2MCDB
YC21:1373,PHR55
YC21:1374,PH207
YC21:1375,N534
YC21:1376,B120
YC21:1377,NY6371
YC21:1378,WIL901
YC21:1379,NS701
YC21:1380,PHR47
YC21:1381,R229
YC21:1382,R177
YC21:1383,CH701-30
YC21:1384,B73
YC21:1385,IDS69
YC21:1386,PHJ33
YC21:1387,NC294
YC21:1388,LH227
YC21:1389,N542
YC21:1390,B14A
YC21:1391,B84
YC21:1392,W815G
YC21:1393,DE2
YC21:1394,LH59
YC21:1395,6M502A
YC21:1396,NC290A
YC21:1397,PH207
YC21:1398,W803G
YC21:1399,B97
YC21:1400,6M502
YC21:1401,LH192
YC21:1402,W819G
YC21:1403,N501
YC21:1404,PHW43
YC21:1405,NC326
YC21:1406,LH216
YC21:1407,33-16
YC21:1408,ND259
YC21:1409,Os426
YC21:1410,B66
YC21:1411,PHR58
YC21:1412,NC342
YC21:1413,PH207
YC21:1414,W814G
YC21:1415,W821G
YC21:1416,Pa762
YC21:1417,PHN34
YC21:1418,PHM10
YC21:1419,LH195
YC21:1420,PHW79
YC21:1421,LH224
YC21:1422,H113
YC21:1423,NKS8326
YC21:1424,B73
YC21:1425,PHBB3
YC21:1426,B75
YC21:1427,H95
YC21:1428,MBWZ
YC21:1429,Va17
YC21:1430,N28
YC21:1431,W606S
YC21:1432,ZS365
YC21:1433,Mo5
YC21:1434,Va26
YC21:1435,W813G
YC21:1436,W610S
YC21:1437,H122w
YC21:1438,LH181
YC21:1439,Mo46
YC21:1440,DK78371A
YC21:1441,N523
YC21:1442,B88
YC21:1443,WU-TAN-TZAO
YC21:1444,LH208
YC21:1445,PHK56
YC21:1446,Pa91
YC21:1447,B79
YC21:1448,PHT55
YC21:1449,YING-55
YC21:1450,W23
YC21:1451,PHK93
YC21:1452,LH215
YC21:1453,Wf9
YC21:1454,W810G
YC21:1455,H5
YC21:1456,NC328
YC21:1457,W809G
YC21:1458,LH191
YC21:1459,INB 101LFY/LFY (A632 X M16 S5)
YC21:1460,Seagull Seventeen
YC21:1461,AusTRCF 306238
YC21:1462,H84
YC21:1463,SG 30A
YC21:1464,B37
YC21:1465,PHR31
YC21:1466,MM501D
YC21:1467,PHZ51
YC21:1468,K150
YC21:1469,Hy
YC21:1470,N211
YC21:1471,OC19
YC21:1472,HUOBAI
YC21:1473,HUANYAO
YC21:1474,INBRED 109
YC21:1475,WXB6
YC21:1476,B68
YC21:1477,IDS28
YC21:1478,PHJ70
YC21:1479,J8606
YC21:1480,LH211
YC21:1481,MS24A
YC21:1482,E8501
YC21:1483,LH199
YC21:1484,W817G
YC21:1485,LH60
YC21:1486,H91
YC21:1487,A619
YC21:1488,J47
YC21:1489,LH65
YC21:1490,L 289
YC21:1491,78551S
YC21:1492,Va35
YC21:1493,LH194
YC21:1494,PHW52
YC21:1495,4F-35 BK
YC21:1496,N28Ht
YC21:1497,NY 166 (Neveh Yaar)
YC21:1498,LH214
YC21:1499,B14
YC21:1500,TZU-CHIAO-HSI-WU 105
YC21:1501,PHT22
YC21:1502,H110
YC21:1503,LH190
YC21:1504,N218
YC21:1505,PHR03
YC21:1506,W607S
YC21:1507,Yu796 NS
YC21:1508,LP1 NR HT
YC21:1509,INBRED 309
YC21:1510,B110
YC21:1511,H114
YC21:1512,N215
YC21:1513,Pa875
YC21:1514,B105
YC21:1515,PHN29
YC21:1516,R226
YC21:1517,CQ702RC
YC21:1518,W22
YC21:1519,B47
YC21:1520,LH204
YC21:2001,DK78002A
YC21:2002,ML606
YC21:2003,A632
YC21:2004,A374
YC21:2005,ICI581
YC21:2006,2MA22
YC21:2007,A385
YC21:2008,Oh43
YC21:2009,78010
YC21:2010,PHW17
YC21:2011,W8304
YC21:2012,LH74
YC21:2013,PHP02
YC21:2014,792
YC21:2015,LH222
YC21:2016,PHHV4
YC21:2017,IA2132
YC21:2018,A73
YC21:2019,MS153
YC21:2020,B-18 INBR.FR.SUPERGOLD
YC21:2021,W9
YC21:2022,DKPB80
YC21:2023,LP5
YC21:2024,IBC2
YC21:2025,OQ403
YC21:2026,DKFBHJ
YC21:2027,A682
YC21:2028,LH82
YC21:2029,2369
YC21:2030,PHR30
YC21:2031,PHK76
YC21:2032,Mo17
YC21:2033,T242
YC21:2034,DJ7
YC21:2035,LH206
YC21:2036,SD107
YC21:2037,Va99
YC21:2038,PHW80
YC21:2039,CH157
YC21:2040,PHGW7
YC21:2041,N193
YC21:2042,A679
YC21:2043,PHKE6
YC21:2044,I29
YC21:2045,A427
YC21:2046,B87
YC21:2047,PHJ89
YC21:2048,PHT69
YC21:2049,ICI 193
YC21:2050,29MIBZ2
YC21:2051,A672
YC21:2052,A680
YC21:2053,ICI 740
YC21:2054,91IFC2
YC21:2055,H42
YC21:2056,PHJ90
YC21:2057,N6
YC21:2058,R113
YC21:2059,Ia 453
YC21:2060,FBLA
YC21:2061,A627
YC21:2062,DE4
YC21:2063,PHBA6
YC21:2064,Pa405
YC21:2065,LH145
YC21:2066,PHG86
YC21:2067,B73
YC21:2068,BO9
YC21:2069,B107
YC21:2070,PH207
YC21:2071,ICI 986
YC21:2072,C103
YC21:2073,A648
YC21:2074,CH9
YC21:2075,A340
YC21:2076,PH207
YC21:2077,LH127
YC21:2078,IBB14
YC21:2079,6F629
YC21:2080,LH166
YC21:2081,LH209
YC21:2082,L 135
YC21:2083,W605S
YC21:2084,PHVA9
YC21:2085,IBB15
YC21:2086,MS132
YC21:2087,INBRED 2-687
YC21:2088,W701BC
YC21:2089,PHB09
YC21:2090,PHP76
YC21:2091,LH295
YC21:2092,793
YC21:2093,MS224
YC21:2094,DKIB014
YC21:2095,LH172
YC21:2096,W602S
YC21:2097,MS1334
YC21:2098,W612S
YC21:2099,A401
YC21:2100,W64A
YC21:2101,2FACC
YC21:2102,NK778
YC21:2103,LH223
YC21:2104,MS71
YC21:2105,C123
YC21:2106,PH207
YC21:2107,MQ305
YC21:2108,B91
YC21:2109,CR 22 INBRED
YC21:2110,ND265
YC21:2111,PHVJ4
YC21:2112,PHJR5
YC21:2113,A208
YC21:2114,DK4676A
YC21:2115,AQA3
YC21:2116,PHH93
YC21:2117,SD40
YC21:2118,NK807
YC21:2119,W153R
YC21:2120,CS405
YC21:2121,N201
YC21:2122,3IJI1
YC21:2123,CH753-4
YC21:2124,MS226
YC21:2125,BEI 10 = NORTH 10
YC21:2126,PHV37
YC21:2127,4F-306 108
YC21:2128,R181B
YC21:2129,B73
YC21:2130,A272
YC21:2131,PHG80
YC21:2132,NY 159 (Neveh Yaar)
YC21:2133,A674
YC21:2134,MS211
YC21:2135,B73
YC21:2136,CH711-10
YC21:2137,LIBC 4
YC21:2138,A572
YC21:2139,PHN11
YC21:2140,A548
YC21:2141,NQ508
YC21:2142,A659
YC21:2143,CA-4
YC21:2144,DKMBNA
YC21:2145,AS6103
YC21:2146,FC46
YC21:2147,W614S
YC21:2148,LH132
YC21:2149,LH119
YC21:2150,912
YC21:2151,A334
YC21:2152,LH93
YC21:2153,PHV57
YC21:2154,B85
YC21:2155,2FADB
YC21:2156,A649
YC21:2157,ND247
YC21:2158,ZS635
YC21:2159,PHN82
YC21:2160,PHK74
YC21:2161,A258
YC21:2162,790
YC21:2163,1538
YC21:2164,LH198
YC21:2165,H99
YC21:2166,CR1HT
YC21:2167,MEF156-55-2
YC21:2168,B76
YC21:2169,PHG29
YC21:2170,Pa392
YC21:2171,LH149
YC21:2172,Eng-Li Chih
YC21:2173,CI 40H
YC21:2174,MS72
YC21:2175,PHK42
YC21:2176,B-28
YC21:2177,LH202
YC21:2178,A634
YC21:2179,PHR36
YC21:2180,LH54
YC21:2181,DK3IIH6
YC21:2182,G80
YC21:2183,PHG47
YC21:2184,4226
YC21:2185,NC262
YC21:2186,WR3
YC21:2187,CR14
YC21:2188,A239
YC21:2189,W552
YC21:2190,911
YC21:2191,Mo47
YC21:2192,B73
YC21:2193,PH207
YC21:2194,L 139
YC21:2195,EAST 028
YC21:2196,764
YC21:2197,ICI 893
YC21:2198,A322
YC21:2199,ICI 441
YC21:2200,B114
YC21:2201,DKFAPW
YC21:2202,Va52
YC21:2203,Ny821
YC21:2204,N192
YC21:2205,PHG72
YC21:2206,PHG50
YC21:2207,A305
YC21:2208,PHW30
YC21:2209,MS116
YC21:2210,W182E
YC21:2211,W613S
YC21:2212,Oh40B
YC21:2213,LH184
YC21:2214,LH61
YC21:2215,A663
YC21:2216,A641
YC21:2217,A556
YC21:2218,A635
YC21:2219,PHR63
YC21:2220,DK78010
YC21:2221,OS602
YC21:2222,Q381
YC21:2223,PHG71
YC21:2224,PHP55
YC21:2225,NC310
YC21:2226,LH38
YC21:2227,SD44
YC21:2228,Os420
YC21:2229,OH33
YC21:2230,LH57
YC21:2231,B73
YC21:2232,W604S
YC21:2233,CM105
YC21:2234,NORTH 7
YC21:2235,LH165
YC21:2236,SD102
YC21:2237,Lp215D
YC21:2238,L 155
YC21:2239,LH143 (Maintainer)
YC21:2240,OQ603
YC21:2241,L 127
YC21:2242,SD101
YC21:2243,PHW03
YC21:2244,PHW20
YC21:2245,NS501
YC21:2246,W603S
YC21:2247,PH207
YC21:2248,MS225
YC21:2249,PHN66
YC21:2250,MS200
YC21:2251,B103
YC21:2252,B115
YC21:2253,N197
YC21:2254,PHBW8
YC21:2255,PHW86
YC21:2256,PHB47
YC21:2257,W117Ht
YC21:2258,A71
YC21:2259,LH146Ht
YC21:2260,PHTM9
YC21:2261,H121
YC21:2262,B108
YC21:2263,87916W
YC21:2264,H95
YC21:2265,NK740
YC21:2266,N28
YC21:2267,PHT22
YC21:2268,PHPR5
YC21:2269,INBRED 141
YC21:2270,W820G
YC21:2271,PHR47
YC21:2272,PHG83
YC21:2273,PHW53
YC21:2274,DE811
YC21:2275,INBRED 309
YC21:2276,Pa778
YC21:2277,Va102
YC21:2278,W24
YC21:2279,IDS91
YC21:2280,MBPM
YC21:2281,Va22
YC21:2282,J8606
YC21:2283,W815G
YC21:2284,N217
YC21:2285,Mo1W
YC21:2286,PHK56
YC21:2287,IDS69
YC21:2288,78551S
YC21:2289,B66
YC21:2290,N218
YC21:2291,LH65
YC21:2292,LH194
YC21:2293,W607S
YC21:2294,LP1 NR HT
YC21:2295,B84
YC21:2296,Wf9
YC21:2297,ND259
YC21:2298,CG102
YC21:2299,PHJ33
YC21:2300,N200
YC21:2301,MBWZ
YC21:2302,B73
YC21:2303,Va17
YC21:2304,N211
YC21:2305,B111
YC21:2306,B164
YC21:2307,F118
YC21:2308,DE3
YC21:2309,WIL903
YC21:2310,W817G
YC21:2311,TZU-CHIAO-HSI-WU 105
YC21:2312,N501
YC21:2313,B121
YC21:2314,R168
YC21:2315,PHW79
YC21:2316,B79
YC21:2317,W809G
YC21:2318,PHV78
YC21:2319,E8501
YC21:2320,LH185
YC21:2321,W37A
YC21:2322,PH207
YC21:2323,INBRED 109
YC21:2324,W814G
YC21:2325,PHK93
YC21:2326,HUOBAI
YC21:2327,Il778d
YC21:2328,R226
YC21:2329,A
YC21:2330,W606S
YC21:2331,A797NW
YC21:2332,LH192
YC21:2333,Va35
YC21:2334,MS24A
YC21:2335,PHT47
YC21:2336,6M502
YC21:2337,PHN46
YC21:2338,LH208
YC21:2339,B97
YC21:2340,LH190
YC21:2341,NC326
YC21:2342,LH197
YC21:2343,LH215
YC21:2344,H113
YC21:2345,B65
YC21:2346,K47
YC21:2347,NC290A
YC21:2348,NS701
YC21:2349,W610S
YC21:2350,Seagull Seventeen
YC21:2351,PHT10
YC21:2352,OC19
YC21:2353,B57
YC21:2354,PHR58
YC21:2355,PHR31
YC21:2356,PHW52
YC21:2357,Tr
YC21:2358,K150
YC21:2359,B73
YC21:2360,B47
YC21:2361,LH191
YC21:2362,W819G
YC21:2363,B109
YC21:2364,W812G
YC21:2365,R177
YC21:2366,IDS28
YC21:2367,PHR55
YC21:2368,H96
YC21:2369,B104
YC21:2370,LH128
YC21:2371,PHEG9
YC21:2372,PHV63
YC21:2373,F2834T
YC21:2374,4F-234 BX 4
YC21:2375,LH195
YC21:2376,H71
YC21:2377,Mo46
YC21:2378,B2
YC21:2379,NC412
YC21:2380,4N506
YC21:2381,A321
YC21:2382,AusTRCF 306238
YC21:2383,B73
YC21:2384,B77
YC21:2385,W611S
YC21:2386,N523
YC21:2387,LH214
YC21:2388,PHZ51
YC21:2389,6M502A
YC21:2390,N215
YC21:2391,INB 101LFY/LFY (A632 X M16 S5)
YC21:2392,DE2
YC21:2393,B75
YC21:2394,Yu796 NS
YC21:2395,2MCDB
YC21:2396,B46
YC21:2397,W821G
YC21:2398,Pa762
YC21:2399,LH213
YC21:2400,4F-35 BK
YC21:2401,PHR03
YC21:2402,B70
YC21:2403,K41
YC21:2404,LH59
YC21:2405,PHBB3
YC21:2406,KUNG-70
YC21:2407,PHK29
YC21:2408,PH207
YC21:2409,Pa91
YC21:2410,PHK35
YC21:2411,B105
YC21:2412,Va26
YC21:2413,Hy
YC21:2414,NC368
YC21:2415,H84
YC21:2416,MS221
YC21:2417,INBRED 305
YC21:2418,LH205
YC21:2419,PHWG5
YC21:2420,LH193
YC21:2421,K55
YC21:2422,LH199
YC21:2423,Oh7
YC21:2424,W22
YC21:2425,PHG35
YC21:2426,PHHH9
YC21:2427,NY6371
YC21:2428,YE 4
YC21:2429,LH60
YC21:2430,N7A
YC21:2431,PHW65
YC21:2432,NC294
YC21:2433,CO257
YC21:2434,WU-TAN-TZAO
YC21:2435,YING-55
YC21:2436,LH211
YC21:2437,Pa880
YC21:2438,H91
YC21:2439,ND259
YC21:2440,CQ702RC
YC21:2441,LH227
YC21:2442,B110
YC21:2443,PH207
YC21:2444,H5
YC21:2445,B119
YC21:2446,B14
YC21:2447,HP301
YC21:2448,M14
YC21:2449,S8326
YC21:2450,PHP85
YC21:2451,W803G
YC21:2452,W813G
YC21:2453,WIL901
YC21:2454,H122w
YC21:2455,ZS365
YC21:2456,B88
YC21:2457,N534
YC21:2458,W811G
YC21:2459,W23
YC21:2460,HUANYAO
YC21:2461,NY 166 (Neveh Yaar)
YC21:2462,PHN34
YC21:2463,PHJ70
YC21:2464,SG 30A
YC21:2465,VaW6
YC21:2466,PHN29
YC21:2467,PHT55
YC21:2468,NC328
YC21:2469,NC250
YC21:2470,PHM10
YC21:2471,N28Ht
YC21:2472,N527
YC21:2473,N209
YC21:2474,H114
YC21:2475,W810G
YC21:2476,MM501D
YC21:2477,W32
YC21:2478,J47
YC21:2479,LH1
YC21:2480,H110
YC21:2481,B98
YC21:2482,B68
YC21:2483,CH701-30
YC21:2484,PHW43
YC21:2485,FR19
YC21:2486,33-16
YC21:2487,NKS8326
YC21:2488,DK78371A
YC21:2489,A619
YC21:2490,MS67
YC21:2491,CO258
YC21:2492,B73
YC21:2493,NC342
YC21:2494,B14A
YC21:2495,Va59
YC21:2496,LH224
YC21:2497,B73
YC21:2498,WIL900
YC21:2499,B37
YC21:2500,PHR62
YC21:2501,PH207
YC21:2502,Os426
YC21:2503,LH216
YC21:2504,L 289
YC21:2505,PH207
YC21:2506,H105W
YC21:2507,R229
YC21:2508,LH204
YC21:2509,B120
YC21:2510,N542
YC21:2511,R71
YC21:2512,R227
YC21:2513,MBST
YC21:2514,WXB6
YC21:2515,LH181
YC21:2516,R78
YC21:2517,INBRED 321
YC21:2518,YONG 28
YC21:2519,Pa875
YC21:2520,Mo5